,,,,,,,,,,,,,,,,,,,,,,,,,,,,,,,,,,,,,,,,,,,,,,,,,,,,,,,,,,,,,,,,,,,,,,,,,,,,,,,,,,,,,,,,,,,,,,,,,,,,
Название,7,13,25,302,185,45,47,14,31,34,16,20,40,43,501,153,143,517,37,196,36,11,159,5,23,158,10,38,93,27,22,35,42,53,79,154,182,184,503,15,174,21,69,83,190,522,122,421,3,12,49,2,29,141,8,82,24,30,223,173,9,32,39,57,146,33,140,147,162,19,199,160,198,78,157,416,26,44,103,527,1,4,41,80,202,305,528,529,89,,,,,,,,,,,
,,,,,,,,,,,,,,,,,,,,,,,,,,,,,,,,,,,,,,,,,,,,,,,,,,,,,,,,,,,,,,,,,,,,,,,,,,,,,,,,,,,,,,,,,,,,,,,,,,,,
B001 - Педагогика и психология (География - Биология),,,,,,,,,,,,,,,,,,,,B001 - Педагогика и психология(География - Биология),,,,,,,,,,,,,,,,,,,,B001 - Педагогика и психология(География - Биология),,,,,,,,,,,,,,,,,,,,B001 - Педагогика и психология(География - Биология),,,,,,,,,,,,,,,,,,,,B001 - Педагогика и психология(География - Биология),,,,,,,,,,,,,,,,,,,,
,,,,,,,,,,,,,,,,,,,,,,,,,,,,,,,,,,,,,,,,,,,,,,,,,,,,,,,,,,,,,,,,,,,,,,,,,,,,,,,,,,,,,,,,,,,,,,,,,,,,
грант,98,98,99,99,95,,,,93,97,87,,,77,,,98,100,88,89,80,75,,88,,,75,,,,,85,84,,,,,,,98,,,,,,,,,78,,,,,76,79,,,,,,,,,,,,,,,,,,,,,,,,,,,,,,,,,,,,,,,,,,,,,
сельская квота,84,96,90,86,91,92,90,,81,81,76,,,75,,,,92,79,82,79,75,,81,,,,,,,,76,78,,,,,,,78,,,,,,,,,77,,,,,75,77,,,,,,,,,,,,,,,,,,,,,,,,,,,,,,,,,,,,,,,,,,,,,
B002 - Дошкольное обучение и воспитание (География - Биология),,,,,,,,,,,,,,,,,,,,B002 - Дошкольное обучение и воспитание(География - Биология),,,,,,,,,,,,,,,,,,,,B002 - Дошкольное обучение и воспитание(География - Биология),,,,,,,,,,,,,,,,,,,,B002 - Дошкольное обучение и воспитание(География - Биология),,,,,,,,,,,,,,,,,,,,B002 - Дошкольное обучение и воспитание(География - Биология),,,,,,,,,,,,,,,,,,,,
,,,,,,,,,,,,,,,,,,,,,,,,,,,,,,,,,,,,,,,,,,,,,,,,,,,,,,,,,,,,,,,,,,,,,,,,,,,,,,,,,,,,,,,,,,,,,,,,,,,,
грант,83,,82,,88,83,83,84,85,83,76,,,75,,,,80,81,81,78,77,,80,,,75,,,,,76,75,,,,,,,77,,,,,,,,,76,,,,,,76,,,,,,,,,,,,,,,,,,,,,85,,,,,,,,,,,,,,,,,,,,,,,,
сельская квота,76,,80,,80,78,78,,78,80,75,,,,,,78,76,75,78,,,,76,,79,,,,,,,,,,,,,,76,,,,,,,,,,,,,,78,,,,,,,,,,,,,,,,,,,,,,,,,,,,,,,,,,,,,,,,,,,,,,
B003 - Педагогика и методика начального обучения (География - Биология),,,,,,,,,,,,,,,,,,,,B003 - Педагогика и методика начального обучения(География - Биология),,,,,,,,,,,,,,,,,,,,B003 - Педагогика и методика начального обучения(География - Биология),,,,,,,,,,,,,,,,,,,,B003 - Педагогика и методика начального обучения(География - Биология),,,,,,,,,,,,,,,,,,,,B003 - Педагогика и методика начального обучения(География - Биология),,,,,,,,,,,,,,,,,,,,
,,,,,,,,,,,,,,,,,,,,,,,,,,,,,,,,,,,,,,,,,,,,,,,,,,,,,,,,,,,,,,,,,,,,,,,,,,,,,,,,,,,,,,,,,,,,,,,,,,,,
грант,91,,92,91,105,92,93,,91,97,89,,,89,,97,92,85,103,98,78,84,,89,,,81,,,,,83,81,,,,,,,87,,,,,,,,,84,,,,,76,81,,,,,,,,,,,,,,,,,,,,,100,,,,,,,,,,,,,,,,,,,,,,,,
сельская квота,83,,90,84,95,86,,,83,94,83,,,82,,,,78,86,90,75,79,,82,,,77,,,,,80,79,,,,,,,77,,,,,,,,,76,,,,,75,76,,,,85,,,,,,,,,,,,,,86,,,,,,,,,,,,,,,,,,,,,,,,,,,
B004 - Подготовка учителей начальной военной подготовки(Творческий экзамен),,,,,,,,,,,,,,,,,,,,B004 - Подготовка учителей начальной военной подготовки(Творческий экзамен),,,,,,,,,,,,,,,,,,,,B004 - Подготовка учителей начальной военной подготовки(Творческий экзамен),,,,,,,,,,,,,,,,,,,,B004 - Подготовка учителей начальной военной подготовки(Творческий экзамен),,,,,,,,,,,,,,,,,,,,B004 - Подготовка учителей начальной военной подготовки(Творческий экзамен),,,,,,,,,,,,,,,,,,,,
,,,,,,,,,,,,,,,,,,,,,,,,,,,,,,,,,,,,,,,,,,,,,,,,,,,,,,,,,,,,,,,,,,,,,,,,,,,,,,,,,,,,,,,,,,,,,,,,,,,,
грант,121,,,,,122,,,122,121,122,,,123,,,,,121,121,123,,,,,122,,,,,,,,,,,,,,,,,,,,,,,,,,,,,,,,,122,,,,,,,,,,,,,,123,,,,,,,,,,,,,,,,,,,,,,,,,,,
сельская квота,120,,,,,120,,,120,121,121,,,121,,,,,121,120,120,,,,,121,,,,,,,,,,,,,,,,,,,,,,,,,,,,,,,,,121,,,,,,,,,,,,,,121,,,,,,,,,,,,,,,,,,,,,,,,,,,
B005 - Подготовка учителей физической культуры (Творческий экзамен),,,,,,,,,,,,,,,,,,,,B005 - Подготовка учителей физической культуры (Творческий экзамен),,,,,,,,,,,,,,,,,,,,B005 - Подготовка учителей физической культуры (Творческий экзамен),,,,,,,,,,,,,,,,,,,,B005 - Подготовка учителей физической культуры (Творческий экзамен),,,,,,,,,,,,,,,,,,,,B005 - Подготовка учителей физической культуры (Творческий экзамен),,,,,,,,,,,,,,,,,,,,
,,,,,,,,,,,,,,,,,,,,,,,,,,,,,,,,,,,,,,,,,,,,,,,,,,,,,,,,,,,,,,,,,,,,,,,,,,,,,,,,,,,,,,,,,,,,,,,,,,,,
грант,123,125,123,,,123,,,122,123,123,123,123,123,123,123,123,123,123,123,123,122,,,,123,124,,,,,124,123,,,,,,,123,,,,,,,125,,,,,,,122,121,,,,123,,,,,,,,,,,,,,,,,,,,,117,,,,,123,124,,,,,,,,,,,,,,
сельская квота,121,,121,,,121,,,121,121,121,121,121,121,121,,121,121,121,121,121,120,,,,121,121,,,,,121,121,,,,,,,121,,,,,,,,,121,,,,,120,121,,,,121,,,,,,,,,,,,,,,,,,,,,,,,,,,121,,,,,,,,,,,,,,
B006 - Подготовка учителей музыки (Творческий экзамен),,,,,,,,,,,,,,,,,,,,B006 - Подготовка учителей музыки (Творческий экзамен),,,,,,,,,,,,,,,,,,,,B006 - Подготовка учителей музыки (Творческий экзамен),,,,,,,,,,,,,,,,,,,,B006 - Подготовка учителей музыки (Творческий экзамен),,,,,,,,,,,,,,,,,,,,B006 - Подготовка учителей музыки (Творческий экзамен),,,,,,,,,,,,,,,,,,,,
,,,,,,,,,,,,,,,,,,,,,,,,,,,,,,,,,,,,,,,,,,,,,,,,,,,,,,,,,,,,,,,,,,,,,,,,,,,,,,,,,,,,,,,,,,,,,,,,,,,,
грант,122,,122,,122,122,,,,123,123,,117,122,,,122,121,122,122,123,118,,119,,,118,,,,,,123,,,,,,,122,,,,,,,,,,,,,,,120,,,,,,,,,,,,,,,,,,,,,,,,,,,,,,,,,,,,,,,,,,,,,
сельская квота,120,,120,,121,120,,,,118,120,,,,,,120,121,120,120,,116,,116,,,114,,,,,,120,,,,,,,121,,,,,,,,,,,,,,,100,,,,,,,,,,,,,,,,,,,,,,,,,,,,,,,,,,,,,,,,,,,,,
B007 -  Подготовка учителей художественного труда и черчения(Творческий экзамен),,,,,,,,,,,,,,,,,,,,B007 -  Подготовка учителей художественного труда и черчения(Творческий экзамен),,,,,,,,,,,,,,,,,,,,B007 -  Подготовка учителей художественного труда и черчения(Творческий экзамен),,,,,,,,,,,,,,,,,,,,B007 -  Подготовка учителей художественного труда и черчения(Творческий экзамен),,,,,,,,,,,,,,,,,,,,B007 -  Подготовка учителей художественного труда и черчения(Творческий экзамен),,,,,,,,,,,,,,,,,,,,
,,,,,,,,,,,,,,,,,,,,,,,,,,,,,,,,,,,,,,,,,,,,,,,,,,,,,,,,,,,,,,,,,,,,,,,,,,,,,,,,,,,,,,,,,,,,,,,,,,,,
грант,123,,122,,120,122,,,120,121,122,,,125,,,124,122,123,122,123,119,,122,,,121,,,,,121,124,,,,,,,122,,,,,,,,,,,,,,,120,,,,124,,,,,,,,,,,,,,,,,,,,,,,,,,,,,,,,,,,,,,,,,
сельская квота,121,,121,,116,121,,,82,119,120,,,121,,,121,121,122,121,,109,,121,,,94,,,,,118,,,,,,,,118,,,,,,,,,,,,,,,115,,,,,,,,,,,,,,,,,,,,,,,,,,,,,,,,,,,,,,,,,,,,,
B008 – Подготовка учителей основ права и экономики(Всемирная история - География),,,,,,,,,,,,,,,,,,,,B008 – Подготовка учителей основ права и экономики,,,,,,,,,,,,,,,,,,,,,,,,,,,,,,,,,,,,,,,,,,,,,,,,,,,,,,,,,,,,,,,,,,,,,,,,,,,,,,,,
,,,,,,,,,,,,,,,,,,,,,,,,,,,,,,,,,,,,,,,,,,,,,,,,,,,,,,,,,,,,,,,,,,,,,,,,,,,,,,,,,,,,,,,,,,,,,,,,,,,,
грант,95,,,,,,,,98,,,,,,,,,96,,,,,,,,,,,,,,,,,,,,,,,,,,,,,,,,,,,,,,,,,,,,,,,,,,,,,,,,,,,,,,,,,,,,,,,,,,,,,,,,,,
сельская квота,90,,,,,,,,92,,,,,,,,,90,,90,,,,,,,,,,,,,,,,,,,,,,,,,,,,,,,,,,,,,,,,,,,,,,,,,,,,,,,,,,,,,,,,,,,,,,,,,,,,,,,,
B009 - Подготовка учителей математики (Физика-Математика),,,,,,,,,,,,,,,,,,,,B009 - Подготовка учителей математики,,,,,,,,,,,,,,,,,,,,B009 - Подготовка учителей математики,,,,,,,,,,,,,,,,,,,,B009 - Подготовка учителей математики,,,,,,,,,,,,,,,,,,,,,,,,,,,,,,,,,,,,,,,,
,,,,,,,,,,,,,,,,,,,,,,,,,,,,,,,,,,,,,,,,,,,,,,,,,,,,,,,,,,,,,,,,,,,,,,,,,,,,,,,,,,,,,,,,,,,,,,,,,,,,
грант,106,120,107,125,106,107,,,103,111,101,,85,107,,,,100,113,107,81,102,,109,,,85,,,,,93,96,,,,,,,97,,,,,,,,,98,,,,,,80,,,,,,,,,,,,,,,,,,,,,,,,,,,,,,,,,,,,,,,,,,,,,
сельская квота,91,,91,,91,93,,,95,97,93,,81,91,,,,93,96,91,76,87,,91,,,80,,,,,86,82,,,,,,,81,,,,,,,,,88,,,,,,76,,,,,,,,,,,,,,,,,,,,,,,,,,,,,,,,,,,,,,,,,,,,,
B010 - Подготовка учителей физики (Физика-Математика),,,,,,,,,,,,,,,,,,,,B010 - Подготовка учителей физики,,,,,,,,,,,,,,,,,,,,B010 - Подготовка учителей физики,,,,,,,,,,,,,,,,,,,,B010 - Подготовка учителей физики,,,,,,,,,,,,,,,,,,,,,,,,,,,,,,,,,,,,,,,,
,,,,,,,,,,,,,,,,,,,,,,,,,,,,,,,,,,,,,,,,,,,,,,,,,,,,,,,,,,,,,,,,,,,,,,,,,,,,,,,,,,,,,,,,,,,,,,,,,,,,
грант,106,110,105,110,105,,,,104,99,85,,87,91,,,,87,101,103,75,86,,92,,,82,,,,,82,79,,,,,,,84,,,,,,,,,88,,,,,,75,,,,,,,,,,,,,,,,,,,,,,,,,,,,,,,,,,,,,,,,,,,,,
сельская квота,86,,86,,86,90,,,86,85,80,,76,84,,,,77,88,85,,79,,83,,,79,,,,,79,75,,,,,,,79,,,,,,,,,81,,,,,,,,,,,,,,,,,,,,,,,,,,,,,,,,,,,,,,,,,,,,,,,,,,,
B011 - Подготовка учителей информатики (Математика-Информатика),,,,,,,,,,,,,,,,,,,,B011 - Подготовка учителей информатики,,,,,,,,,,,,,,,,,,,,B011 - Подготовка учителей информатики,,,,,,,,,,,,,,,,,,,,B011 - Подготовка учителей информатики,,,,,,,,,,,,,,,,,,,,,,,,,,,,,,,,,,,,,,,,
,,,,,,,,,,,,,,,,,,,,,,,,,,,,,,,,,,,,,,,,,,,,,,,,,,,,,,,,,,,,,,,,,,,,,,,,,,,,,,,,,,,,,,,,,,,,,,,,,,,,
грант,75,115,80,110,80,75,,,76,75,77,,75,77,,,92,76,75,75,84,77,,78,,,,,,,,75,75,,,,,,,75,,,,,,,,,75,,,,,,78,,,,,,,,,,,,,,,,,,,,,,,,,,,,,,,,,,,,,,,,,,,,,
сельская квота,,,,,80,,,,75,75,,,,75,,,,,75,75,,,,,,,,,,,,75,,,,,,,,75,,,,,,,,,75,,,,,,,,,,,,,,,,,,,,,,,,,,,,,,,,,,,,,,,,,,,,,,,,,,,
,,,,,,,,,,,,,,,,,,,,,,,,,,,,,,,,,,,,,,,,,,,,,,,,,,,,,,,,,,,,,,,,,,,,,,,,,,,,,,,,,,,,,,,,,,,,,,,,,,,,
Название,7,13,25,302,185,45,47,14,31,34,16,20,40,43,501,153,143,517,37,196,36,11,159,5,23,158,10,38,93,27,22,35,42,53,79,154,182,184,503,15,174,21,69,83,190,522,122,421,3,12,49,2,29,141,8,82,24,30,223,173,9,32,39,57,146,33,140,147,162,19,199,160,198,78,157,416,26,44,103,527,1,4,41,80,202,305,528,529,89,,,,,,,,,,,
,,,,,,,,,,,,,,,,,,,,,,,,,,,,,,,,,,,,,,,,,,,,,,,,,,,,,,,,,,,,,,,,,,,,,,,,,,,,,,,,,,,,,,,,,,,,,,,,,,,,
B012 - Подготовка учителей химии (Биология-Химия),,,,,,,,,,,,,,,,,,,,B012 - Подготовка учителей химии,,,,,,,,,,,,,,,,,,,,B012 - Подготовка учителей химии,,,,,,,,,,,,,,,,,,,,B012 - Подготовка учителей химии,,,,,,,,,,,,,,,,,,,,,,,,,,,,,,,,,,,,,,,,
,,,,,,,,,,,,,,,,,,,,,,,,,,,,,,,,,,,,,,,,,,,,,,,,,,,,,,,,,,,,,,,,,,,,,,,,,,,,,,,,,,,,,,,,,,,,,,,,,,,,
грант,101,,101,110,102,,,,99,94,88,,81,98,,,,91,102,102,86,88,,97,,,89,,,,,89,93,,,,,,,97,,,,,,,,,87,,,,,,80,,,,,,,,,,,,,,,,,,,,,,,,,,,,,,,,,,,,,,,,,,,,,
сельская квота,93,,93,,93,93,,,93,90,80,,77,83,,,,83,94,92,79,82,,95,,,81,,,,,85,83,,,,,,,88,,,,,,,,,80,,,,,,80,,,,,,,,,,,,,,,,,,,,,,,,,,,,,,,,,,,,,,,,,,,,,
B013 - Подготовка учителей биологии (Биология-Химия),,,,,,,,,,,,,,,,,,,,B013 - Подготовка учителей биологии,,,,,,,,,,,,,,,,,,,,B013 - Подготовка учителей биологии,,,,,,,,,,,,,,,,,,,,B013 - Подготовка учителей биологии,,,,,,,,,,,,,,,,,,,,,,,,,,,,,,,,,,,,,,,,
,,,,,,,,,,,,,,,,,,,,,,,,,,,,,,,,,,,,,,,,,,,,,,,,,,,,,,,,,,,,,,,,,,,,,,,,,,,,,,,,,,,,,,,,,,,,,,,,,,,,
грант,99,,99,,99,101,,,97,87,96,,83,89,,,,89,99,97,88,89,,99,,,83,,,,,90,90,,,,,,,96,,,,,,,,,87,,,,,,83,,,,,,,,,,,,,,,,,,,,,,,,,,,,,,,,,,,,,,,,,,,,,
сельская квота,92,,92,,92,94,,,93,91,89,,80,86,,,,86,91,89,80,79,,91,,,78,,,,,88,87,,,,,,,84,,,,,,,,,83,,,,,,81,,,,,,,,,,,,,,,,,,,,,,,,,,,,,,,,,,,,,,,,,,,,,
B014 - Подготовка учителей географии (Всемирная история - География),,,,,,,,,,,,,,,,,,,,B014 - Подготовка учителей географии,,,,,,,,,,,,,,,,,,,,B014 - Подготовка учителей географии,,,,,,,,,,,,,,,,,,,,B014 - Подготовка учителей географии,,,,,,,,,,,,,,,,,,,,,,,,,,,,,,,,,,,,,,,,
,,,,,,,,,,,,,,,,,,,,,,,,,,,,,,,,,,,,,,,,,,,,,,,,,,,,,,,,,,,,,,,,,,,,,,,,,,,,,,,,,,,,,,,,,,,,,,,,,,,,
грант,101,115,101,,101,111,,,99,101,96,,91,92,,,,101,98,95,97,99,,101,,,94,,,,,96,98,,,,,,,95,,,,,,,,,96,,,,,,87,,,,,,,,,,,,,,,,,,,,,,,,,,,,,,,,,,,,,,,,,,,,,
сельская квота,94,,94,,94,96,,,92,95,88,,83,87,,,,94,87,88,91,92,,92,,,85,,,,,91,88,,,,,,,85,,,,,,,,,86,,,,,,83,,,,,,,,,,,,,,,,,,,,,,,,,,,,,,,,,,,,,,,,,,,,,
B015 - Подготовка учителей по гуманитарным предметам (Всемирная история и География),,,,,,,,,,,,,,,,,,,,B015 - Подготовка учителей по гуманитарным предметам,,,,,,,,,,,,,,,,,,,,B015 - Подготовка учителей по гуманитарным предметам,,,,,,,,,,,,,,,,,,,,B015 - Подготовка учителей по гуманитарным предметам,,,,,,,,,,,,,,,,,,,,,,,,,,,,,,,,,,,,,,,,
,,,,,,,,,,,,,,,,,,,,,,,,,,,,,,,,,,,,,,,,,,,,,,,,,,,,,,,,,,,,,,,,,,,,,,,,,,,,,,,,,,,,,,,,,,,,,,,,,,,,
грант,114,,114,118,115,,115,,100,102,101,,92,96,,,,110,108,101,96,105,,105,,,101,,,,,96,95,,,,,,,104,,,,,,,,,96,,,,,92,89,,,,,,,,,,,,,,,,,,,,,,,,,,,,,,,,,,,,,,,,,,,,,
сельская квота,106,,106,,106,112,,,98,98,90,,86,85,,,,96,101,91,86,95,,96,,,94,,,,,94,86,,,,,,,87,,,,,,,,,87,,,,,85,85,,,,,,,,,,,,,,,,,,,,,,,,,,,,,,,,,,,,,,,,,,,,,
B016 - Подготовка учителей казахского языка и литературы( Казахский язык - Казахская литература ),,,,,,,,,,,,,,,,,,,,B016 - Подготовка учителей казахского языка и литературы,,,,,,,,,,,,,,,,,,,,B016 - Подготовка учителей казахского языка и литературы,,,,,,,,,,,,,,,,,,,,B016 - Подготовка учителей казахского языка и литературы,,,,,,,,,,,,,,,,,,,,,,,,,,,,,,,,,,,,,,,,
,,,,,,,,,,,,,,,,,,,,,,,,,,,,,,,,,,,,,,,,,,,,,,,,,,,,,,,,,,,,,,,,,,,,,,,,,,,,,,,,,,,,,,,,,,,,,,,,,,,,
грант,122,122,122,125,120,123,,,118,120,115,,110,115,,,,115,118,115,113,115,,120,,,112,,,,,116,114,,,,,,,114,,,,,,,,,117,,,,,109,108,,,,,,,,,,,,,,,,,,,,,,,,,,,,,,,,,,,,,,,,,,,,,
сельская квота,116,120,115,,117,,,,114,114,112,,106,111,,,,110,115,114,110,111,,115,,,110,,,,,114,110,,,,,,,111,,,,,,,,,114,,,,,106,103,,,,,,,,,,,,,,,,,,,,,,,,,,,,,,,,,,,,,,,,,,,,,
B017 - Подготовка учителей русского языка и литературы (Русский язык - Русская литература),,,,,,,,,,,,,,,,,,,,B017 - Подготовка учителей русского языка и литературы,,,,,,,,,,,,,,,,,,,,B017 - Подготовка учителей русского языка и литературы,,,,,,,,,,,,,,,,,,,,B017 - Подготовка учителей русского языка и литературы,,,,,,,,,,,,,,,,,,,,B017 - Подготовка учителей русского языка и литературы,,,,,,,,,,,,,,,,,,,,
,,,,,,,,,,,,,,,,,,,,,,,,,,,,,,,,,,,,,,,,,,,,,,,,,,,,,,,,,,,,,,,,,,,,,,,,,,,,,,,,,,,,,,,,,,,,,,,,,,,,
грант,93,100,94,99,95,95,,,94,81,89,,93,95,,,,91,93,93,92,91,,94,,,85,,,,,86,85,,,,,,,77,,,,,,,,,81,,,,,80,75,,,,,,,,,,,,,,,,,,,,,,,,,,,,,,,,,,,,,,,,,,,,,
сельская квота,75,,85,78,80,81,,,77,76,77,,75,79,,,75,76,78,76,78,76,,76,,,75,,,,,76,79,,,,,,,,,,,,,,,,,,,,,,,,,,,,,,,,,,,,,,,,,,,93,,,,,,,,,,,,,,,,,,,,,,,,
B018 - Подготовка учителей иностранного языка (Английский язык - Всемирная история),,,,,,,,,,,,,,,,,,,,B018 - Подготовка учителей иностранного языка,,,,,,,,,,,,,,,,,,,,B018 - Подготовка учителей иностранного языка,,,,,,,,,,,,,,,,,,,,B018 - Подготовка учителей иностранного языка,,,,,,,,,,,,,,,,,,,,B018 - Подготовка учителей иностранного языка,,,,,,,,,,,,,,,,,,,,
,,,,,,,,,,,,,,,,,,,,,,,,,,,,,,,,,,,,,,,,,,,,,,,,,,,,,,,,,,,,,,,,,,,,,,,,,,,,,,,,,,,,,,,,,,,,,,,,,,,,
грант,124,125,124,130,124,128,,,120,116,114,,112,121,,,,117,123,121,116,115,,118,124,,111,,,,,118,117,,,,,,,116,,,,,,,,,113,,,,,113,112,,,,,,,,,,,,,,,,,,,,,,,,,,,,,,,,,,,,,,,,,,,,,
сельская квота,117,,117,,117,,118,,116,113,107,,103,111,,,,111,116,116,112,109,,112,117,,103,,,,,109,111,,,,,,,111,,,,,,,,,109,,,,,105,105,,,,,,,,,,,,,,,,,,,,,,,,,,,,,,,,,,,,,,,,,,,,,
B019 - Подготовка социальных педагогов( Биология - География ),,,,,,,,,,,,,,,,,,,,B019 - Подготовка социальных педагогов,,,,,,,,,,,,,,,,,,,,B019 - Подготовка социальных педагогов,,,,,,,,,,,,,,,,,,,,B019 - Подготовка социальных педагогов,,,,,,,,,,,,,,,,,,,,B019 - Подготовка социальных педагогов,,,,,,,,,,,,,,,,,,,,
,,,,,,,,,,,,,,,,,,,,,,,,,,,,,,,,,,,,,,,,,,,,,,,,,,,,,,,,,,,,,,,,,,,,,,,,,,,,,,,,,,,,,,,,,,,,,,,,,,,,
грант,75,96,90,75,,,,,75,,75,,,78,,,,75,,75,,83,,94,,76,86,,,,,75,,,,,,,,,,,,,,,,,,,,,,,,,,,,,,,,,,,,,,,,,,,,,,,,,,,,,,,,,,,,,,,,,,,,
сельская квота,,,,,,,,,,,,,,78,,,,75,,,,75,,87,,,75,,,,,,,,,,,,,,,,,,,,,,,,,,,,,,,,,,,,,,,,,,,,,,,,,,,,,,,,,,,,,,,,,,,,,,,,,
B020 - Специальная педагогика( Биология - География ),,,,,,,,,,,,,,,,,,,,"
B020 - Специальная педагогика",,,,,,,,,,,,,,,,,,,,"
B020 - Специальная педагогика",,,,,,,,,,,,,,,,,,,,"
B020 - Специальная педагогика",,,,,,,,,,,,,,,,,,,,,,,,,,,,,,,,,,,,,,,,
,,,,,,,,,,,,,,,,,,,,,,,,,,,,,,,,,,,,,,,,,,,,,,,,,,,,,,,,,,,,,,,,,,,,,,,,,,,,,,,,,,,,,,,,,,,,,,,,,,,,
грант,90,,90,,,92,,,91,,,,,91,,,,86,,91,86,,,92,,,124,,,,,,,,,,,,,88,,,,,,,,,82,,,,,,,,,,,,,,,,,,,,,,,,,,,,,,,,,,,,,,,,,,,,,,,,,,,
сельская квота,80,,90,,,81,,,88,,,,80,81,,,,79,,80,83,,,81,,,,,,,,,,,,,,,,75,,,,,,,,,76,,,,,,,,,,,,,,,,,,,,,,,,,,,,,,,,,,,,,,,,,,,,,,,,,,,
B021 - Исполнительское искусство(Творческий экзамен),,,,,,,,,,,,,,,,,,,,B021 - Исполнительское искусство(Творческий экзамен),,,,,,,,,,,,,,,,,,,,B021 - Исполнительское искусство(Творческий экзамен),,,,,,,,,,,,,,,,,,,,B021 - Исполнительское искусство(Творческий экзамен),,,,,,,,,,,,,,,,,,,,B021 - Исполнительское искусство(Творческий экзамен),,,,,,,,,,,,,,,,,,,,
,,,,,,,,,,,,,,,,,,,,,,,,,,,,,,,,,,,,,,,,,,,,,,,,,,,,,,,,,,,,,,,,,,,,,,,,,,,,,,,,,,,,,,,,,,,,,,,,,,,,
грант,,,,,,,,,,121,121,,,,,,,,120,,,,,,,,124,126,,,,,,,,,,,,,,,,,,,,,121,,,,,,,,,,,,,,,,,,,,,,,,,,,,,,,,,,,,,,,,,,,,,,,,,,,
сельская квота,,,,,,,,,,,,,,,,,,,,,,,,,,,,,,,,,,,,,,,,,,,,,,,,,,,,,,,,,,,,,,,,,,,,,,,,,,,,,,,,,,,,,,,,,,,,,,,,,,,,
,,,,,,,,,,,,,,,,,,,,,,,,,,,,,,,,,,,,,,,,,,,,,,,,,,,,,,,,,,,,,,,,,,,,,,,,,,,,,,,,,,,,,,,,,,,,,,,,,,,,
Название,7,13,25,302,185,45,47,14,31,34,16,20,40,43,501,153,143,517,37,196,36,11,159,5,23,158,10,38,93,27,22,35,42,53,79,154,182,184,503,15,174,21,69,83,190,522,122,421,3,12,49,2,29,141,8,82,24,30,223,173,9,32,39,57,146,33,140,147,162,19,199,160,198,78,157,416,26,44,103,527,1,4,41,80,202,305,528,529,89,,,,,,,,,,,
,,,,,,,,,,,,,,,,,,,,,,,,,,,,,,,,,,,,,,,,,,,,,,,,,,,,,,,,,,,,,,,,,,,,,,,,,,,,,,,,,,,,,,,,,,,,,,,,,,,,
"B023 - Режиссура, арт-менеджмент(Творческий экзамен)",,,,,,,,,,,,,,,,,,,,"B023 - Режиссура, арт-менеджмент",,,,,,,,,,,,,,,,,,,,"B023 - Режиссура, арт-менеджмент",,,,,,,,,,,,,,,,,,,,"B023 - Режиссура, арт-менеджмент",,,,,,,,,,,,,,,,,,,,"B023 - Режиссура, арт-менеджмент",,,,,,,,,,,,,,,,,,,,
,,,,,,,,,,,,,,,,,,,,,,,,,,,,,,,,,,,,,,,,,,,,,,,,,,,,,,,,,,,,,,,,,,,,,,,,,,,,,,,,,,,,,,,,,,,,,,,,,,,,
грант,,,,,,,,,,,,,,,,,,,,,,,,,,,,,118,,,,,,,,,118,,,,,,,,,,,,,,,,,,,,,,,,,,,,,,,,,,,,,,,,,,,,,,,,,,,,,,,,,,,,,,
сельская квота,,,,,,,,,,,,,,,,,,,,,,,,,,,,,,,,,,,,,,,,,,,,,,,,,,,,,,,,,,,,,,,,,,,,,,,,,,,,,,,,,,,,,,,,,,,,,,,,,,,,
B027 - Театральное искусство(Творческий экзамен),,,,,,,,,,,,,,,,,,,,B027 - Театральное искусство(Творческий экзамен),,,,,,,,,,,,,,,,,,,,B027 - Театральное искусство(Творческий экзамен),,,,,,,,,,,,,,,,,,,,B027 - Театральное искусство(Творческий экзамен),,,,,,,,,,,,,,,,,,,,B027 - Театральное искусство(Творческий экзамен),,,,,,,,,,,,,,,,,,,,
,,,,,,,,,,,,,,,,,,,,,,,,,,,,,,,,,,,,,,,,,,,,,,,,,,,,,,,,,,,,,,,,,,,,,,,,,,,,,,,,,,,,,,,,,,,,,,,,,,,,
грант,,,,,,122,,,,,122,,,,,,,,123,,,,,,,,,122,122,,,,,,,,,,,,,,,,,,,,,,,,,,,,,,,,,,,,,,,,,,,,,,,,,,,,,,,,,,,,,,,,,,,,,,,
сельская квота,,,,,,,,,,,,,,,,,,,,,,,,,,,,,,,,,,,,,,,,,,,,,,,,,,,,,,,,,,,,,,,,,,,,,,,,,,,,,,,,,,,,,,,,,,,,,,,,,,,,
"B028 - Хореография(Творческий экзамен)
",,,,,,,,,,,,,,,,,,,,"B028 - Хореография(Творческий экзамен)
",,,,,,,,,,,,,,,,,,,,"B028 - Хореография(Творческий экзамен)
",,,,,,,,,,,,,,,,,,,,"B028 - Хореография(Творческий экзамен)
",,,,,,,,,,,,,,,,,,,,"B028 - Хореография(Творческий экзамен)
",,,,,,,,,,,,,,,,,,,,
,,,,,,,,,,,,,,,,,,,,,,,,,,,,,,,,,,,,,,,,,,,,,,,,,,,,,,,,,,,,,,,,,,,,,,,,,,,,,,,,,,,,,,,,,,,,,,,,,,,,
грант,123,,122,,,122,,,,122,122,,,125,,,,,124,,,,,125,,,,,,,,,,,,,,,,,,,,,,,,,,,,,,,,,,,,,,,,,,,,,,,,,,,,,,,,,,,,,,,,,,,,,,,,,,,,
сельская квота,,,,,,,,,,,,,,,,,,,,,,,,,,,,,,,,,,,,,,,,,,,,,,,,,,,,,,,,,,,,,,,,,,,,,,,,,,,,,,,,,,,,,,,,,,,,,,,,,,,,
B029 - Аудиовизуальные средства и медиа производство(Творческий экзамен),,,,,,,,,,,,,,,,,,,,B029 - Аудиовизуальные средства и медиа производство(Творческий экзамен),,,,,,,,,,,,,,,,,,,,B029 - Аудиовизуальные средства и медиа производство(Творческий экзамен),,,,,,,,,,,,,,,,,,,,B029 - Аудиовизуальные средства и медиа производство(Творческий экзамен),,,,,,,,,,,,,,,,,,,,,,,,,,,,,,,,,,,,,,,,
,,,,,,,,,,,,,,,,,,,,,,,,,,,,,,,,,,,,,,,,,,,,,,,,,,,,,,,,,,,,,,,,,,,,,,,,,,,,,,,,,,,,,,,,,,,,,,,,,,,,
грант,123,122,,,,,,,,,,,,,,,,,,,,,,,,,,,123,122,,,,,,,,,,,,,,,,,,,,,,,,,,,,,,,,,,,,,,,,,,,,,,,,,,,,,,,,,,,,,,,,,,,,,,
сельская квота,,,,,,,,,,,,,,,,,,,,,,,,,,,,,,,,,,,,,,,,,,,,,,,,,,,,,,,,,,,,,,,,,,,,,,,,,,,,,,,,,,,,,,,,,,,,,,,,,,,,
"B030 - Изобразительное искусство(Творческий экзамен)
",,,,,,,,,,,,,,,,,,,,"B030 - Изобразительное искусство(Творческий экзамен)
",,,,,,,,,,,,,,,,,,,,"B030 - Изобразительное искусство(Творческий экзамен)
",,,,,,,,,,,,,,,,,,,,"B030 - Изобразительное искусство(Творческий экзамен)
",,,,,,,,,,,,,,,,,,,,"B030 - Изобразительное искусство(Творческий экзамен)
",,,,,,,,,,,,,,,,,,,,
,,,,,,,,,,,,,,,,,,,,,,,,,,,,,,,,,,,,,,,,,,,,,,,,,,,,,,,,,,,,,,,,,,,,,,,,,,,,,,,,,,,,,,,,,,,,,,,,,,,,
грант,119,,,,,119,,,120,,,,,,,,,,,,,,,,,,,,,,,,,,,,,,,,,,,,,,,,,,,,,,,,,,,,,,,,,,,,,,,,,,,,,,,,,,,,,,,,,,,,,,,,,,,
сельская квота,,,,,,,,,,,,,,,,,,,,,,,,,,,,,,,,,,,,,,,,,,,,,,,,,,,,,,,,,,,,,,,,,,,,,,,,,,,,,,,,,,,,,,,,,,,,,,,,,,,,
"B031 - Мода, дизайн(Творческий экзамен)",,,,,,,,,,,,,,,,,,,,"B031 - Мода, дизайн(Творческий экзамен)",,,,,,,,,,,,,,,,,,,,"B031 - Мода, дизайн(Творческий экзамен)",,,,,,,,,,,,,,,,,,,,"B031 - Мода, дизайн(Творческий экзамен)",,,,,,,,,,,,,,,,,,,,"B031 - Мода, дизайн(Творческий экзамен)",,,,,,,,,,,,,,,,,,,,
,,,,,,,,,,,,,,,,,,,,,,,,,,,,,,,,,,,,,,,,,,,,,,,,,,,,,,,,,,,,,,,,,,,,,,,,,,,,,,,,,,,,,,,,,,,,,,,,,,,,
грант,124,124,,,124,124,,,125,124,130,,125,124,,,,,124,124,,,,125,,128,,128,,124,124,124,128,124,,,124,,,124,,,,,,,,,,,,,125,,,,,,,,,,,,,,,,,,,,,,,,,,,,,,,,,,,,,,,,,,,,,,,
сельская квота,,,,,,,,,,,,,,,,,,,,,,,,,,,,,,,,,,,,,,,,,,,,,,,,,,,,,,,,,,,,,,,,,,,,,,,,,,,,,,,,,,,,,,,,,,,,,,,,,,,,
"B032 - Философия и этика(Всемирная история - География)
",,,,,,,,,,,,,,,,,,,,"B032 - Философия и этика(Всемирная история - География)
",,,,,,,,,,,,,,,,,,,,"B032 - Философия и этика(Всемирная история - География)
",,,,,,,,,,,,,,,,,,,,"B032 - Философия и этика(Всемирная история - География)
",,,,,,,,,,,,,,,,,,,,"B032 - Философия и этика(Всемирная история - География)
",,,,,,,,,,,,,,,,,,,,
,,,,,,,,,,,,,,,,,,,,,,,,,,,,,,,,,,,,,,,,,,,,,,,,,,,,,,,,,,,,,,,,,,,,,,,,,,,,,,,,,,,,,,,,,,,,,,,,,,,,
грант,88,95,,,,90,,,88,,,,,,,,,,87,,,,,,,,,,,87,,,,,,,,,,,,,,,,,,,,,,,,,,,,,,,,,,,,,,,,,,,,,,,,,,,,,,,,,,,,,,,,,,,,,,
сельская квота,,,,,,,,,,,,,,,,,,,,,,,,,,,,,,,,,,,,,,,,,,,,,,,,,,,,,,,,,,,,,,,,,,,,,,,,,,,,,,,,,,,,,,,,,,,,,,,,,,,,
"B033 - Религия и теология(Творческий экзамен)
",,,,,,,,,,,,,,,,,,,,"B033 - Религия и теология(Творческий экзамен)
",,,,,,,,,,,,,,,,,,,,"B033 - Религия и теология(Творческий экзамен)
",,,,,,,,,,,,,,,,,,,,,,,,,,,,,,,,,,,,,,,,,,,,,,,,,,,,,,,,,,,,
,,,,,,,,,,,,,,,,,,,,,,,,,,,,,,,,,,,,,,,,,,,,,,,,,,,,,,,,,,,,,,,,,,,,,,,,,,,,,,,,,,,,,,,,,,,,,,,,,,,,
грант,,124,,,,124,,,128,,,,,,,,,,124,,,,,,,,,,,124,,,,,,,,,124,,,,,,,,,,,,,,,,,,,,,,,,,,,,,,,,,,,,,,,,,,,,,,,,,,,,,,,,,,,,,
сельская квота,120,121,,,,121,,,121,,,,,,,,,,121,,,121,,,,,121,,,120,,,,,,,,,120,,,,,,,,,,,,,,,,,,,,,,,,,,,,,,,,,,,,,,,,,,,,,,,,,,,,,,,,,,,,,
,,,,,,,,,,,,,,,,,,,,,,,,,,,,,,,,,,,,,,,,,,,,,,,,,,,,,,,,,,,,,,,,,,,,,,,,,,,,,,,,,,,,,,,,,,,,,,,,,,,,
Название,7,13,25,302,185,45,47,14,31,34,16,20,40,43,501,153,143,517,37,196,36,11,159,5,23,158,10,38,93,27,22,35,42,53,79,154,182,184,503,15,174,21,69,83,190,522,122,421,3,12,49,2,29,141,8,82,24,30,223,173,9,32,39,57,146,33,140,147,162,19,199,160,198,78,157,416,26,44,103,527,1,4,41,80,202,305,528,529,89,,,,,,,,,,,
,,,,,,,,,,,,,,,,,,,,,,,,,,,,,,,,,,,,,,,,,,,,,,,,,,,,,,,,,,,,,,,,,,,,,,,,,,,,,,,,,,,,,,,,,,,,,,,,,,,,
"B034 - История(Всемирная история - География)
",,,,,,,,,,,,,,,,,,,,"B034 - История(Всемирная история - География)
",,,,,,,,,,,,,,,,,,,,"B034 - История(Всемирная история - География)
",,,,,,,,,,,,,,,,,,,,"B034 - История(Всемирная история - География)
",,,,,,,,,,,,,,,,,,,,"B034 - История(Всемирная история - География)
",,,,,,,,,,,,,,,,,,,,
,,,,,,,,,,,,,,,,,,,,,,,,,,,,,,,,,,,,,,,,,,,,,,,,,,,,,,,,,,,,,,,,,,,,,,,,,,,,,,,,,,,,,,,,,,,,,,,,,,,,
грант,110,107,,,107,,,,113,,,,,,,,,,,,112,,,108,,,,110,,107,,,,,,,,,,,,,,,,,,,,,,,,,,,,,,,,,,,,,,,,,,,,,,,,,,,,,,,,,,,,,,,,,,,,,,
сельская квота,,,,,,,,,,,,,,,,,,,,,,,,,,,,,,,,,,,,,,,,,,,,,,,,,,,,,,,,,,,,,,,,,,,,,,,,,,,,,,,,,,,,,,,,,,,,,,,,,,,,
"B035 - Тюркология(Английский язык - Всемирная история)
",,,,,,,,,,,,,,,,,,,,"B035 - Тюркология(Английский язык - Всемирная история)
",,,,,,,,,,,,,,,,,,,,"B035 - Тюркология(Английский язык - Всемирная история)
",,,,,,,,,,,,,,,,,,,,"B035 - Тюркология(Английский язык - Всемирная история)
",,,,,,,,,,,,,,,,,,,,"B035 - Тюркология(Английский язык - Всемирная история)
",,,,,,,,,,,,,,,,,,,,
,,,,,,,,,,,,,,,,,,,,,,,,,,,,,,,,,,,,,,,,,,,,,,,,,,,,,,,,,,,,,,,,,,,,,,,,,,,,,,,,,,,,,,,,,,,,,,,,,,,,
грант,,117,,,,,,,,,,,,,,,,,121,,,,,,,,,,,117,,,,,,,,,,,,,,,,,,,,,,,,,,,,,,,,,,,,,,,,,,,,,,,,,,,,,,,,,,,,,,,,,,,,,,
сельская квота,,,,,,,,,,,,,,,,,,,,,,,,,,,,,,,,,,,,,,,,,,,,,,,,,,,,,,,,,,,,,,,,,,,,,,,,,,,,,,,,,,,,,,,,,,,,,,,,,,,,
"B036 - Переводческое дело(Английский язык - Всемирная история)
",,,,,,,,,,,,,,,,,,,,"B036 - Переводческое дело(Английский язык - Всемирная история)
",,,,,,,,,,,,,,,,,,,,"B036 - Переводческое дело(Английский язык - Всемирная история)
",,,,,,,,,,,,,,,,,,,,"B036 - Переводческое дело(Английский язык - Всемирная история)
",,,,,,,,,,,,,,,,,,,,"B036 - Переводческое дело(Английский язык - Всемирная история)
",,,,,,,,,,,,,,,,,,,,
,,,,,,,,,,,,,,,,,,,,,,,,,,,,,,,,,,,,,,,,,,,,,,,,,,,,,,,,,,,,,,,,,,,,,,,,,,,,,,,,,,,,,,,,,,,,,,,,,,,,
грант,,126,,126,126,,,,,,,,,,,,,,,,,,,,131,,,,,126,,,,,,,,,127,,130,,,,,,,,,,,,,,,,,,,,,,,,,,,,,,,,,,,,,,,,,,,,,,,,,,,,,,,,,,,
сельская квота,,,,,,,,,,,,,,,,,,,,,,,,,,,,,,,,,,,,,,,,,,,,,,,,,,,,,,,,,,,,,,,,,,,,,,,,,,,,,,,,,,,,,,,,,,,,,,,,,,,,
B037 - Филология(Казахский/Русский язык и Казахская/Русская литература),,,,,,,,,,,,,,,,,,,,B037 - Филология(Казахский/Русский язык и Казахская/Русская литература),,,,,,,,,,,,,,,,,,,,B037 - Филология(Казахский/Русский язык и Казахская/Русская литература),,,,,,,,,,,,,,,,,,,,B037 - Филология(Казахский/Русский язык и Казахская/Русская литература),,,,,,,,,,,,,,,,,,,,B037 - Филология(Казахский/Русский язык и Казахская/Русская литература),,,,,,,,,,,,,,,,,,,,
,,,,,,,,,,,,,,,,,,,,,,,,,,,,,,,,,,,,,,,,,,,,,,,,,,,,,,,,,,,,,,,,,,,,,,,,,,,,,,,,,,,,,,,,,,,,,,,,,,,,
грант,120,120,120,120,,127,,,,120,,,,,,,,,,130,,,,128,,,,,,120,,,,,,,,,,,,,,,,,,,,,,,,,,,,,,,,,,,,,,,,,,,,,,,,,,,,,,,,,,,,,,,,,,,,,,
сельская квота,,,,,,,,,,,,,,,,,,,,,,,,,,,,,,,,,,,,,,,,,,,,,,,,,,,,,,,,,,,,,,,,,,,,,,,,,,,,,,,,,,,,,,,,,,,,,,,,,,,,
"B134 - Археология и этнология(Всемирная история - География)
",,,,,,,,,,,,,,,,,,,,,,,,,,,,,,,,,,,,,,,,,,,,,,,,,,,,,,,,,,,,,,,,,,,,,,,,,,,,,,,,,,,,,,,,,,,,,,,,,,,,
,,,,,,,,,,,,,,,,,,,,,,,,,,,,,,,,,,,,,,,,,,,,,,,,,,,,,,,,,,,,,,,,,,,,,,,,,,,,,,,,,,,,,,,,,,,,,,,,,,,,
грант,,96,,,,,,,97,,,,,,,,,,,,,,,,,,,96,,95,,,,,,,,,,,,,,,,,,,,,,,,,,,,,,,,,,,,,,,,,,,,,,,,,,,,,,,,,,,,,,,,,,,,,,
сельская квота,,,,,,86,,,93,88,,,,,,,,,,,,,,,,,,87,,86,,,,,,,,,,,,,,,,,,,,,,,,,,,,,,,,,,,,,,,,,,,,,,,,,,,,,,,,,,,,,,,,,,,,,,
,,,,,,,,,,,,,,,,,,,,,,,,,,,,,,,,,,,,,,,,,,,,,,,,,,,,,,,,,,,,,,,,,,,,,,,,,,,,,,,,,,,,,,,,,,,,,,,,,,,,
"B135 - Востоковедение(Английский язык - Всемирная история)
",,,,,,,,,,,,,,,,,,,,"B135 - Востоковедение(Английский язык - Всемирная история)
",,,,,,,,,,,,,,,,,,,,"B135 - Востоковедение(Английский язык - Всемирная история)
",,,,,,,,,,,,,,,,,,,,"B135 - Востоковедение(Английский язык - Всемирная история)
",,,,,,,,,,,,,,,,,,,,"B135 - Востоковедение(Английский язык - Всемирная история)
",,,,,,,,,,,,,,,,,,,,
,,,,,,,,,,,,,,,,,,,,,,,,,,,,,,,,,,,,,,,,,,,,,,,,,,,,,,,,,,,,,,,,,,,,,,,,,,,,,,,,,,,,,,,,,,,,,,,,,,,,
грант,,122,,,,,,,,,,,,,,,,,,,,,,,122,,,,,122,,,,,,,,,,,,,,,,,,,,,,,,,,,,,,,,,,,,,,,,,,,,,,,,,,,,,,,,,,,,,,,,,,,,,,
сельская квота,,,,,,,,,,,,,,,,,,,,,,,,,,,,,,,,,,,,,,,,,,,,,,,,,,,,,,,,,,,,,,,,,,,,,,,,,,,,,,,,,,,,,,,,,,,,,,,,,,,,
"B038 - Социология(Математика - География)
",,,,,,,,,,,,,,,,,,,,"B038 - Социология(Математика - География)
",,,,,,,,,,,,,,,,,,,,"B038 - Социология(Математика - География)
",,,,,,,,,,,,,,,,,,,,"B038 - Социология(Математика - География)
",,,,,,,,,,,,,,,,,,,,"B038 - Социология(Математика - География)
",,,,,,,,,,,,,,,,,,,,
,,,,,,,,,,,,,,,,,,,,,,,,,,,,,,,,,,,,,,,,,,,,,,,,,,,,,,,,,,,,,,,,,,,,,,,,,,,,,,,,,,,,,,,,,,,,,,,,,,,,
грант,103,103,104,,,,,,104,,105,,,,,,,,,,,,,,,,,,,103,,,,,,,,,,,,103,,,,,,,,,,,,,,,,,,,,,,,,,,,,,,,,,,,,,,,,,,,,,,,,,,,,,,,,,,
сельская квота,,,,,,,,,,,,,,,,,,,,,,,,,,,,,,,,,,,,,,,,,,,,,,,,,,,,,,,,,,,,,,,,,,,,,,,,,,,,,,,,,,,,,,,,,,,,,,,,,,,,
"B039 - Культурология(Английский язык - Всемирная история)
",,,,,,,,,,,,,,,,,,,,"B039 - Культурология(Английский язык - Всемирная история)
",,,,,,,,,,,,,,,,,,,,"B039 - Культурология(Английский язык - Всемирная история)
",,,,,,,,,,,,,,,,,,,,"B039 - Культурология(Английский язык - Всемирная история)
",,,,,,,,,,,,,,,,,,,,"B039 - Культурология(Английский язык - Всемирная история)
",,,,,,,,,,,,,,,,,,,,
,,,,,,,,,,,,,,,,,,,,,,,,,,,,,,,,,,,,,,,,,,,,,,,,,,,,,,,,,,,,,,,,,,,,,,,,,,,,,,,,,,,,,,,,,,,,,,,,,,,,
грант,116,116,,,,,,,,,,,,,,,,,,,,,,,,,,118,,116,,,,,,,,,,,,,,,,,,,,,,,,,,,,,,,,,,,,,,,,,,,,,,,,,,,,,,,,,,,,,,,,,,,,,,
сельская квота,,,,,,,,,,,,,,,,,,,,,,,,,,,,,,,,,,,,,,,,,,,,,,,,,,,,,,,,,,,,,,,,,,,,,,,,,,,,,,,,,,,,,,,,,,,,,,,,,,,,
"B040 - Политология(Английский язык - Всемирная история)
",,,,,,,,,,,,,,,,,,,,"B040 - Политология(Английский язык - Всемирная история)
",,,,,,,,,,,,,,,,,,,,"B040 - Политология(Английский язык - Всемирная история)
",,,,,,,,,,,,,,,,,,,,"B040 - Политология(Английский язык - Всемирная история)
",,,,,,,,,,,,,,,,,,,,"B040 - Политология(Английский язык - Всемирная история)
",,,,,,,,,,,,,,,,,,,,
,,,,,,,,,,,,,,,,,,,,,,,,,,,,,,,,,,,,,,,,,,,,,,,,,,,,,,,,,,,,,,,,,,,,,,,,,,,,,,,,,,,,,,,,,,,,,,,,,,,,
грант,119,119,,,,121,,,,,,,,,,,,,,,,,,,,,,,120,119,,,,,,,,,,,,119,,,,,,,,,,,,,,,,,,,,,,,,,,,,,,,,,,,,,,,,,,,,,,,,,,,,,,,,,,
сельская квота,,,,,,,,,,,,,,,,,,,,,,,,,,,,,,,,,,,,,,,,,,,,,,,,,,,,,,,,,,,,,,,,,,,,,,,,,,,,,,,,,,,,,,,,,,,,,,,,,,,,
"B041 - Психология( Биология - География)
",,,,,,,,,,,,,,,,,,,,"B041 - Психология( Биология - География)
",,,,,,,,,,,,,,,,,,,,"B041 - Психология( Биология - География)
",,,,,,,,,,,,,,,,,,,,"B041 - Психология( Биология - География)
",,,,,,,,,,,,,,,,,,,,"B041 - Психология( Биология - География)
",,,,,,,,,,,,,,,,,,,,
,,,,,,,,,,,,,,,,,,,,,,,,,,,,,,,,,,,,,,,,,,,,,,,,,,,,,,,,,,,,,,,,,,,,,,,,,,,,,,,,,,,,,,,,,,,,,,,,,,,,
грант,100,100,101,99,101,101,,,101,,,,,,,,,,101,,,102,,105,,,,103,111,100,,107,102,,108,,,100,,,120,100,100,100,,,,,,,,,,,,,,,,,,,,,,,,,,,,,,,,,,,,,,,,,,,,,,,,,,,,,,,,
сельская квота,,,,,,,,,,,,,,,,,,,,,,,,,,,,,,,,,,,,,,,,,,,,,,,,,,,,,,,,,,,,,,,,,,,,,,,,,,,,,,,,,,,,,,,,,,,,,,,,,,,,
"B042 - Журналистика и репортерское дело(Творческий экзамен)
",,,,,,,,,,,,,,,,,,,,"B042 - Журналистика и репортерское дело(Творческий экзамен)
",,,,,,,,,,,,,,,,,,,,"B042 - Журналистика и репортерское дело(Творческий экзамен)
",,,,,,,,,,,,,,,,,,,,"B042 - Журналистика и репортерское дело(Творческий экзамен)
",,,,,,,,,,,,,,,,,,,,,,,,,,,,,,,,,,,,,,,,
,,,,,,,,,,,,,,,,,,,,,,,,,,,,,,,,,,,,,,,,,,,,,,,,,,,,,,,,,,,,,,,,,,,,,,,,,,,,,,,,,,,,,,,,,,,,,,,,,,,,
грант,,126,,126,,126,,,127,,,,,126,,,,,127,,126,126,,,126,,,126,,126,128,,,,,,,,,126,126,,126,127,127,126,,,,,,,,,,,,,,,,,,,,,,,,,,,,,,,,,,,,,,,,,,,,,,,,,,,,,,
сельская квота,,123,,,,123,,,123,124,,,123,123,,,,,122,,124,123,,,122,,,124,124,122,,,,,,,,,,123,,,123,,,,,,,,,,,,,,,,,,,,,,,,,,,,,,,,,,,,,,,,,,,,,,,,,,,,,,,,,
"B043 - Библиотечное дело, обработка информации и архивное дело(Казахский/Русский язык и Казахская/Русская литература)",,,,,,,,,,,,,,,,,,,,,,,,,,,,,,,,,,,,,,,,,,,,,,,,,,,,,,,,,,,,,,,,,,,,,,,,,,,,,,,,,,,,,,,,,,,,,,,,,,,,
,,,,,,,,,,,,,,,,,,,,,,,,,,,,,,,,,,,,,,,,,,,,,,,,,,,,,,,,,,,,,,,,,,,,,,,,,,,,,,,,,,,,,,,,,,,,,,,,,,,,
грант,,,111,,,111,,,,,,,,,,,,,,,112,,,,,,,113,,111,,,,,,,,,,,,,,,,,,,,,,,,,,,,,,,,,,,,,,,,,,,,,,,,,,,,,,,,113,,,,,,,,,,,,,,
сельская квота,,,107,,,109,,,,,,,,,,,,,,,,,,,,,,,,108,,,,,,,,,,,,,,,,,,,,,,,,,,,,,,,,,,,,,,,,,,,,,,,,,,,,,,,,,108,,,,,,,,,,,,,
,,,,,,,,,,,,,,,,,,,,,,,,,,,,,,,,,,,,,,,,,,,,,,,,,,,,,,,,,,,,,,,,,,,,,,,,,,,,,,,,,,,,,,,,,,,,,,,,,,,,
Название,7,13,25,302,185,45,47,14,31,34,16,20,40,43,501,153,143,517,37,196,36,11,159,5,23,158,10,38,93,27,22,35,42,53,79,154,182,184,503,15,174,21,69,83,190,522,122,421,3,12,49,2,29,141,8,82,24,30,223,173,9,32,39,57,146,33,140,147,162,19,199,160,198,78,157,416,26,44,103,527,1,4,41,80,202,305,528,529,89,,,,,,,,,,,
"B140 - Международные отношения и дипломатия(Английский язык - Всемирная история)
",,,,,,,,,,,,,,,,,,,,"B140 - Международные отношения и дипломатия(Английский язык - Всемирная история)
",,,,,,,,,,,,,,,,,,,,"B140 - Международные отношения и дипломатия(Английский язык - Всемирная история)
",,,,,,,,"B140 - Международные отношения и дипломатия(Английский язык - Всемирная история)
",,,,,,,,,,,,,,,,,,,,"B140 - Международные отношения и дипломатия(Английский язык - Всемирная история)
",,,,,,,,,,,,,,,,,,,,"B140 - Международные отношения и дипломатия(Английский язык - Всемирная история)
",,,,,,,,,,,,
,,,,,,,,,,,,,,,,,,,,,,,,,,,,,,,,,,,,,,,,,,,,,,,,,,,,,,,,,,,,,,,,,,,,,,,,,,,,,,,,,,,,,,,,,,,,,,,,,,,,
грант,,128,,128,,,,,,,,,,,,,,,,,,,,,,,,,,128,,,,,,,,,,,135,128,129,,,,,,,,,,,,,,,,,,,,,,,,,,,,,,,,,,,,,,,,,,,,,,,,,,,,,,,,,
сельская квота,,,,,,,,,,,,,,,,,,,,,,,,,,,,,,,,,,,,,,,,,,,,,,,,,,,,,,,,,,,,,,,,,,,,,,,,,,,,,,,,,,,,,,,,,,,,,,,,,,,,
"B044 - Менеджмент и управление(Математика - География)
",,,,,,,,,,,,,,,,,,,,"B044 - Менеджмент и управление(Математика - География)
",,,,,,,,,,,,,,,,,,,,"B044 - Менеджмент и управление(Математика - География)
",,,,,,,,"B044 - Менеджмент и управление(Математика - География)
",,,,,,,,,,,,,,,,,,,,"B044 - Менеджмент и управление(Математика - География)
",,,,,,,,,,,,,,,,,,,,"B044 - Менеджмент и управление(Математика - География)
",,,,,,,,,,,,
,,,,,,,,,,,,,,,,,,,,,,,,,,,,,,,,,,,,,,,,,,,,,,,,,,,,,,,,,,,,,,,,,,,,,,,,,,,,,,,,,,,,,,,,,,,,,,,,,,,,
грант,,118,,118,,125,,,,120,,,,,,,,,126,,,,,120,,,,,,119,,121,,,,,,119,,,125,118,,118,,119,,118,,127,,,,,,,,,,,,111,,,,,,,,,,,,,,,,,,,,,,,,,,,,,,,,,,,,,,
сельская квота,,106,,108,106,113,,,108,112,,,,,,,,,109,,,,,,,110,,,,106,,,,,,,,,,,,106,109,106,111,112,,117,112,115,,,106,,,,,,,,,,,,,,,,,,,,,,,,,,,,,,,,,,,,,,,,,,,,,,,
B045 - Аудит и налогообложение(Математика - География),,,,,,,,,,,,,,,,,,,,B045 - Аудит и налогообложение(Математика - География),,,,,,,,,,,,,,,,,,,,B045 - Аудит и налогообложение(Математика - География),,,,,,,,B045 - Аудит и налогообложение(Математика - География),,,,,,,,,,,,,,,,,,,,B045 - Аудит и налогообложение(Математика - География),,,,,,,,,,,,,,,,,,,,B045 - Аудит и налогообложение(Математика - География),,,,,,,,,,,,
,,,,,,,,,,,,,,,,,,,,,,,,,,,,,,,,,,,,,,,,,,,,,,,,,,,,,,,,,,,,,,,,,,,,,,,,,,,,,,,,,,,,,,,,,,,,,,,,,,,,
грант,,122,,121,,120,,,,,,,,,,,,,124,,,,,,,,,,,121,,,,,,,,,,,120,120,,,,,,121,,,,,,,,,,,,,,,,,,,,,,,,,,,,,,,,,,,,,,,,,,,,,,,,,,,,
сельская квота,117,111,,112,,,,,,,,,,,,,,,,,,,,,,,,113,,111,,,,,,,,,,,120,112,,114,,,,117,,,,,,,,,,,,,,,,,,,,,,,,,,,,,,,,,,,,,,,,,,,,,,,,,,,,
"B046 - Финансы, экономика, банковское и страховое дело(Математика - География)",,,,,,,,,,,,,,,,,,,,"B046 - Финансы, экономика, банковское и страховое дело(Математика - География)",,,,,,,,,,,,,,,,,,,,"B046 - Финансы, экономика, банковское и страховое дело(Математика - География)",,,,,,,,,,,,,,,,,,,,,,,,,,,,,,,,,,,,,,,,,,,,,,,,,,,,,,,,,,,,
,,,,,,,,,,,,,,,,,,,,,,,,,,,,,,,,,,,,,,,,,,,,,,,,,,,,,,,,,,,,,,,,,,,,,,,,,,,,,,,,,,,,,,,,,,,,,,,,,,,,
грант,117,117,,118,117,127,,,119,117,119,,,,,,,,119,,,122,,,,,,117,,117,,,,,,,,,,118,130,117,122,117,,,122,117,,,,,119,,,,,,,,,,,,,,,,,,,,,,,,,,,,,,,,,,,,,,,,,,,,,,,
сельская квота,,,,,,,,,,,,,,,,,,,,,,,,,,,,,,,,,,,,,,,,,,,,,,,,,,,,,,,,,,,,,,,,,,,,,,,,,,,,,,,,,,,,,,,,,,,,,,,,,,,,
B047 - Маркетинг и реклама(Математика - География),,,,,,,,,,,,,,,,,,,,B047 - Маркетинг и реклама(Математика - География),,,,,,,,,,,,,,,,,,,,B047 - Маркетинг и реклама(Математика - География),,,,,,,,B047 - Маркетинг и реклама(Математика - География),,,,,,,,,,,,,,,,,,,,,,,,,,,,,,,,,,,,,,,,,,,,,,,,,,,,
,,,,,,,,,,,,,,,,,,,,,,,,,,,,,,,,,,,,,,,,,,,,,,,,,,,,,,,,,,,,,,,,,,,,,,,,,,,,,,,,,,,,,,,,,,,,,,,,,,,,
грант,116,,,114,114,114,,,,,,,,,,,,,,,,,,,,,,,,114,116,,,,,,,,,,120,114,115,114,,,,115,,116,,118,,,,,,,,,,118,,,,,,,,,,,,,,,,,,,,,,,,,,,,,,,,,,,,,,
сельская квота,,,,,,,,,,,,,,,,,,,,,,,,,,,,,,,,,,,,,,,,,,,,,,,,,,,,,,,,,,,,,,,,,,,,,,,,,,,,,,,,,,,,,,,,,,,,,,,,,,,,
B048 - Трудовые навыки(Математика - География),,,,,,,,,,,,,,,,,,,,B048 - Трудовые навыки(Математика - География),,,,,,,,,,,,,,,,,,,,B048 - Трудовые навыки(Математика - География),,,,,,,,B048 - Трудовые навыки(Математика - География),,,,,,,,,,,,,,,,,,,,B048 - Трудовые навыки(Математика - География),,,,,,,,,,,,,,,,,,,,B048 - Трудовые навыки(Математика - География),,,,,,,,,,,,
,,,,,,,,,,,,,,,,,,,,,,,,,,,,,,,,,,,,,,,,,,,,,,,,,,,,,,,,,,,,,,,,,,,,,,,,,,,,,,,,,,,,,,,,,,,,,,,,,,,,
грант,,,,,,,,,,,,,,,,,,,,,,,,,,,,,,,,,,,,,,,,,,108,,,,,,,,,,,,,,,,,,,,,,,,,,,,,,,,,,,,,,,,,,,,,,,,,,,,,,,,,,
сельская квота,,,,,,,,,,,,,,,,,,,,,,,,,,,,,,,,,,,,,,,,,,,,,,,,,,,,,,,,,,,,,,,,,,,,,,,,,,,,,,,,,,,,,,,,,,,,,,,,,,,,
B049 - Право(Всемирная история - Основы права),,,,,,,,,,,,,,,,,,,,B049 - Право(Всемирная история - Основы права),,,,,,,,,,,,,,,,,,,,B049 - Право(Всемирная история - Основы права),,,,,,,,B049 - Право(Всемирная история - Основы права),,,,,,,,,,,,,,,,,,,,,,,,,,,,,,,,,,,,,,,,,,,,,,,,,,,,
,,,,,,,,,,,,,,,,,,,,,,,,,,,,,,,,,,,,,,,,,,,,,,,,,,,,,,,,,,,,,,,,,,,,,,,,,,,,,,,,,,,,,,,,,,,,,,,,,,,,
грант,,119,,120,,,,,,,,,,,,,,,,,126,,,,,,,,,120,,,,,,,,,,,125,,,124,,,,,,,,,,,,,,,,,,,,,,,,,,,,,,,,,,,,,,,,,,,,,,,,,,,,,,,,
сельская квота,,,,,,,,,,,,,,,,,,,,,,,,,,,,,,,,,,,,,,,,,,,,,,,,,,,,,,,,,,,,,,,,,,,,,,,,,,,,,,,,,,,,,,,,,,,,,,,,,,,,
B145 - Государственный аудит(Математика - География),,,,,,,,,,,,,,,,,,,,B145 - Государственный аудит(Математика - География),,,,,,,,,,,,,,,,,,,,B145 - Государственный аудит(Математика - География),,,,,,,,,,,,,,,,,,,,B145 - Государственный аудит(Математика - География),,,,,,,,,,,,,,,,,,,,B145 - Государственный аудит(Математика - География),,,,,,,,,,,,,,,,,,,,B145 - Государственный аудит(Математика - География)
,,,,,,,,,,,,,,,,,,,,,,,,,,,,,,,,,,,,,,,,,,,,,,,,,,,,,,,,,,,,,,,,,,,,,,,,,,,,,,,,,,,,,,,,,,,,,,,,,,,,
грант,,113,,,,,,,,,,,,,,,,,,,,,,,,,,,,,,,,,,,,,,,,,,,,,,,,,,,,,,,,,,,,,,,,,,,,,,,,,,,,,,,,,,,,,,,,,,,,,,,,,,
сельская квота,,,,,,,,,,,,,,,,,,,,,,,,,,,,,,,,,,,,,,,,,,,,,,,,,,,,,,,,,,,,,,,,,,,,,,,,,,,,,,,,,,,,,,,,,,,,,,,,,,,,
B050 - Биологические и смежные науки(Биология-Химия),,,,,,,,,,,,,,,,,,,,"ф
",,,,,,,,,,,,,,,,,,,,"ф
",,,,,,,,,,,,,,,,,,,,,,,,,,,,,,,,,,,,,,,,,,,,,,,,,,,,,,,,,,,,
,,,,,,,,,,,,,,,,,,,,,,,,,,,,,,,,,,,,,,,,,,,,,,,,,,,,,,,,,,,,,,,,,,,,,,,,,,,,,,,,,,,,,,,,,,,,,,,,,,,,
грант,81,100,90,,81,81,,,82,,,,,81,,,84,,81,81,81,90,,81,,,94,82,,81,,82,81,82,,,81,,,,,,,,,,,,,,83,81,81,85,,,81,81,,,,81,,,,,,,,,,,,,,,,,,,,,,,,,,,,,,,,,,,,,,
сельская квота,,,,,,,,,,,,,,,,,,,,,,,,,,,,,,,,,,,,,,,,,,,,,,,,,,,,,,,,,,,,,,,,,,,,,,,,,,,,,,,,,,,,,,,,,,,,,,,,,,,,
,,,,,,,,,,,,,,,,,,,,,,,,,,,,,,,,,,,,,,,,,,,,,,,,,,,,,,,,,,,,,,,,,,,,,,,,,,,,,,,,,,,,,,,,,,,,,,,,,,,,
Название,7,13,25,302,185,45,47,14,31,34,16,20,40,43,501,153,143,517,37,196,36,11,159,5,23,158,10,38,93,27,22,35,42,53,79,154,182,184,503,15,174,21,69,83,190,522,122,421,3,12,49,2,29,141,8,82,24,30,223,173,9,32,39,57,146,33,140,147,162,19,199,160,198,78,157,416,26,44,103,527,1,4,41,80,202,305,528,529,89,,,,,,,,,,,
B051 - Окружающая среда( Биология - География),,,,,,,,,,,,,,,,,,,,B051 - Окружающая среда,,,,,,,,,,,,,,,,,,,,B051 - Окружающая среда,,,,,,,,,,,,,,,,,,,,,,,,,,,,,,,,,,,,,,,,,,,,,,,,,,,,,,,,,,,,
,,,,,,,,,,,,,,,,,,,,,,,,,,,,,,,,,,,,,,,,,,,,,,,,,,,,,,,,,,,,,,,,,,,,,,,,,,,,,,,,,,,,,,,,,,,,,,,,,,,,
грант,74,95,,,80,73,,,74,74,74,,74,,83,,,,74,,74,74,,74,,74,74,74,,74,,74,75,74,,,74,,,74,,76,,,,,76,,74,,,74,74,,,,74,,,,,,,,74,,,,,,,,,,,,,,,,,,,,,,,74,,,,,,,,,,,,
сельская квота,68,,,,,69,,,68,68,70,,69,,69,,,,69,,68,68,,70,,,69,68,,68,,69,69,68,,,68,,,68,,,,,,,70,,69,,,68,68,,,,68,,,,,,,,,,,,,,,,,,,,,,,,,,,,,,,69,,,,,,,,,,,,
B052 - Наука о земле(Математика - География),,,,,,,,,,,,,,,,,,,,B052 - Наука о земле,,,,,,,,,,,,,,,,,,,,B052 - Наука о земле,,,,,,,,,,,,,,,,,,,,B052 - Наука о земле,,,,,,,,,,,,,,,,,,,,,,,,,,,,,,,,,,,,,,,,
,,,,,,,,,,,,,,,,,,,,,,,,,,,,,,,,,,,,,,,,,,,,,,,,,,,,,,,,,,,,,,,,,,,,,,,,,,,,,,,,,,,,,,,,,,,,,,,,,,,,
грант,72,110,,,80,72,,,72,,73,,72,72,,,,,,,,73,,72,,,,73,,75,,,,,,,,,,,,,,,,,,,,,,,72,,,,,,,,,,,,,,,,,,,,,,,,,,,,,,,,,,,,,,,,,,,,,,,
сельская квота,,,,,,,,,,,,,,,,,,,,,,,,,,,,,,,,,,,,,,,,,,,,,,,,,,,,,,,,,,,,,,,,,,,,,,,,,,,,,,,,,,,,,,,,,,,,,,,,,,,,
B053 - Химия(Биология-Химия),,,,,,,,,,,,,,,,,,,,B053 - Химия,,,,,,,,,,,,,,,,,,,,B053 - Химия,,,,,,,,,,,,,,,,,,,,B053 - Химия,,,,,,,,,,,,,,,,,,,,,,,,,,,,,,,,,,,,,,,,
,,,,,,,,,,,,,,,,,,,,,,,,,,,,,,,,,,,,,,,,,,,,,,,,,,,,,,,,,,,,,,,,,,,,,,,,,,,,,,,,,,,,,,,,,,,,,,,,,,,,
грант,70,95,90,,,70,,,70,,70,,,70,,,,,,,71,70,,70,,,72,71,,80,,,70,,,,,,,,,,,,,,,,,70,,,,,,,,,76,,,,,,,,,,,,,,,,,,,,,,,,,,,,,,,,,,,,,,,,,
сельская квота,,,,,,,,,,,,,,,,,,,,,,,,,,,,,,,,,,,,,,,,,,,,,,,,,,,,,,,,,,,,,,,,,,,,,,,,,,,,,,,,,,,,,,,,,,,,,,,,,,,,
B054 - Физика(Физика-Математика),,,,,,,,,,,,,,,,,,,,B054 - Физика,,,,,,,,,,,,,,,,,,,,B054 - Физика,,,,,,,,,,,,,,,,,,,,B054 - Физика,,,,,,,,,,,,,,,,,,,,,,,,,,,,,,,,,,,,,,,,
,,,,,,,,,,,,,,,,,,,,,,,,,,,,,,,,,,,,,,,,,,,,,,,,,,,,,,,,,,,,,,,,,,,,,,,,,,,,,,,,,,,,,,,,,,,,,,,,,,,,
грант,65,95,81,,,65,,,65,,,,,50,,,,,60,,52,51,,65,,,50,52,,70,,50,52,,,,,,,,,,,,,,,,,50,,,,,,,,,52,,,,,,,,,,,,,,,,,,,,,,,,,,,,,,,,,,,,,,,,,
сельская квота,,,,,,,,,,,,,,,,,,,,,,,,,,,,,,,,,,,,,,,,,,,,,,,,,,,,,,,,,,,,,,,,,,,,,,,,,,,,,,,,,,,,,,,,,,,,,,,,,,,,
B055 - Математика и статистика(Физика-Математика),,,,,,,,,,,,,,,,,,,,B055 - Математика и статистика,,,,,,,,,,,,,,,,,,,,B055 - Математика и статистика,,,,,,,,,,,,,,,,,,,,B055 - Математика и статистика,,,,,,,,,,,,,,,,,,,,,,,,,,,,,,,,,,,,,,,,
,,,,,,,,,,,,,,,,,,,,,,,,,,,,,,,,,,,,,,,,,,,,,,,,,,,,,,,,,,,,,,,,,,,,,,,,,,,,,,,,,,,,,,,,,,,,,,,,,,,,
грант,82,105,,120,,82,,,84,,,,,82,,,,,82,,82,82,,83,,,90,84,,95,,,,,,82,,,,,,100,,,,,,,,,,,,,,,,,84,83,,,,,,,,,,,,,,,,,,,,,,,,,,,,,,,,,,,,,,,,
сельская квота,,,,,,,,,,,,,,,,,,,,,,,,,,,,,,,,,,,,,,,,,,,,,,,,,,,,,,,,,,,,,,,,,,,,,,,,,,,,,,,,,,,,,,,,,,,,,,,,,,,,
B056 - Механика(Физика-Математика),,,,,,,,,,,,,,,,,,,,B056 - Механика,,,,,,,,,,,,,,,,,,,,B056 - Механика,,,,,,,,,,,,,,,,,,,,B056 - Механика,,,,,,,,,,,,,,,,,,,,,,,,,,,,,,,,,,,,,,,,
,,,,,,,,,,,,,,,,,,,,,,,,,,,,,,,,,,,,,,,,,,,,,,,,,,,,,,,,,,,,,,,,,,,,,,,,,,,,,,,,,,,,,,,,,,,,,,,,,,,,
грант,,96,,,,,,,65,,,,,,,,,,,,,,,,,,,50,,65,,,,,,,,,,,,,,,,,,,,,,,,,,,,,,,,,,,,,,,,,,,,,,,,,,,,,,,,,,,,,,,,,,,,,,
сельская квота,,,,,,,,,,,,,,,,,,,,,,,,,,,,,,,,,,,,,,,,,,,,,,,,,,,,,,,,,,,,,,,,,,,,,,,,,,,,,,,,,,,,,,,,,,,,,,,,,,,,
B057 - Информационные технологии(Математика-Информатика),,,,,,,,,,,,,,,,,,,,B057 - Информационные технологии,,,,,,,,,,,,,,,,,,,,B057 - Информационные технологии,,,,,,,,,,,,,,,,,,,,B057 - Информационные технологии,,,,,,,,,,,,,,,,,,,,,,,,,,,,,,,,,,,,,,,,
,,,,,,,,,,,,,,,,,,,,,,,,,,,,,,,,,,,,,,,,,,,,,,,,,,,,,,,,,,,,,,,,,,,,,,,,,,,,,,,,,,,,,,,,,,,,,,,,,,,,
грант,100,110,102,120,100,101,,,103,72,113,,,101,101,,,,,,99,102,,105,,,,101,,99,,,108,106,,,100,101,,,,105,99,100,100,99,,110,,102,,100,100,100,,100,,,,102,100,101,,102,,105,104,,,100,,,,,,,,,,,,,,,,,,,86,,,,,,,,,,,
сельская квота,66,,75,,80,65,,,65,62,65,,66,67,67,,68,,66,,66,67,,67,,66,67,67,66,90,,66,,66,66,71,66,66,,79,,,65,76,90,80,,,66,65,65,65,,70,,72,67,,,67,68,66,,70,71,,66,,,65,,65,67,,,66,,,,,,,,,68,,,,,,,,,,,,,,,
B058 - Информационная безопасность(Математика-Информатика),,,,,,,,,,,,,,,,,,,,B058 - Информационная безопасность,,,,,,,,,,,,,,,,,,,,B058 - Информационная безопасность,,,,,,,,,,,,,,,,,,,,B058 - Информационная безопасность,,,,,,,,,,,,,,,,,,,,,,,,,,,,,,,,,,,,,,,,
,,,,,,,,,,,,,,,,,,,,,,,,,,,,,,,,,,,,,,,,,,,,,,,,,,,,,,,,,,,,,,,,,,,,,,,,,,,,,,,,,,,,,,,,,,,,,,,,,,,,
грант,,110,,,,,,,,71,,,,,,,,,,,,,,,,,,,,110,,,,,,,,,,,,100,,,90,85,,,,,102,,85,,,,,,,,72,71,,71,,,,,,,,,,,,,,,,,,,,,,,,,,,,,,,,,,,,
сельская квота,,,,,,,,,,,,,,,,,,,,,,,,,,,,,,,,,,,,,,,,,,,,,,,,,,,,,,,,,,,,,,,,,,,,,,,,,,,,,,,,,,,,,,,,,,,,,,,,,,,,
B059 - Коммуникации и коммуникационные технологии(Физика-Математика),,,,,,,,,,,,,,,,,,,,B059 - Коммуникации и коммуникационные технологии,,,,,,,,,,,,,,,,,,,,B059 - Коммуникации и коммуникационные технологии,,,,,,,,,,,,,,,,,,,,B059 - Коммуникации и коммуникационные технологии,,,,,,,,,,,,,,,,,,,,,,,,,,,,,,,,,,,,,,,,
,,,,,,,,,,,,,,,,,,,,,,,,,,,,,,,,,,,,,,,,,,,,,,,,,,,,,,,,,,,,,,,,,,,,,,,,,,,,,,,,,,,,,,,,,,,,,,,,,,,,
грант,,95,,,,69,,,69,,,,71,73,,,,,,,,,,,,,,72,75,70,69,,,,,,,,,,,,,,71,70,,,,71,69,69,69,,,,,,,,,69,,69,,,,,,69,72,,,,,,,,,,,,,,,,,,,,,,,,,,,,,
сельская квота,,,,,,65,,,66,,,,59,59,,,,,,,,,,,,,,61,59,,59,,,,,,,,,,,,,,,,,,,59,59,59,65,,,,,,,,,59,,59,,,,,63,59,,,,,,,,,,,,,,,59,,,,,,,,,,,,,,,
,,,,,,,,,,,,,,,,,,,,,,,,,,,,,,,,,,,,,,,,,,,,,,,,,,,,,,,,,,,,,,,,,,,,,,,,,,,,,,,,,,,,,,,,,,,,,,,,,,,,
Название,7,13,25,302,185,45,47,14,31,34,16,20,40,43,501,153,143,517,37,196,36,11,159,5,23,158,10,38,93,27,22,35,42,53,79,154,182,184,503,15,174,21,69,83,190,522,122,421,3,12,49,2,29,141,8,82,24,30,223,173,9,32,39,57,146,33,140,147,162,19,199,160,198,78,157,416,26,44,103,527,1,4,41,80,202,305,528,529,89,,,,,,,,,,,
B060 - Химическая инженерия и процессы(Физика-Химия),,,,,,,,,,,,,,,,,,,,B060 - Химическая инженерия и процессы,,,,,,,,,,,,,,,,,,,,B060 - Химическая инженерия и процессы,,,,,,,,,,,,,,,,,,,,B060 - Химическая инженерия и процессы,,,,,,,,,,,,,,,,,,,,,,,,,,,,,,,,,,,,,,,,
,,,,,,,,,,,,,,,,,,,,,,,,,,,,,,,,,,,,,,,,,,,,,,,,,,,,,,,,,,,,,,,,,,,,,,,,,,,,,,,,,,,,,,,,,,,,,,,,,,,,
грант,,,,,,131,,,,,,,,64,57,,,,,,,,,,,,,51,,70,,,,51,,,52,,,,,,,,,,,86,50,,54,,65,,,,,,,,56,53,,,,50,,,,,,,,,,,,,,,,,,,62,,,,,,,,,,,,,,,
сельская квота,,,,,,,,,,,,,,,,,,,,,,,,,,,,,,,,,,,,,,,,,,,,,,,,,,,,,,,,,,,,,,,,,,,,,,,,,,,,,,,,,,,,,,,,,,,,,,,,,,,,
B061 - Материаловедение и технологии(Физика-Математика),,,,,,,,,,,,,,,,,,,,B061 - Материаловедение и технологии,,,,,,,,,,,,,,,,,,,,B061 - Материаловедение и технологии,,,,,,,,,,,,,,,,,,,,B061 - Материаловедение и технологии,,,,,,,,,,,,,,,,,,,,,,,,,,,,,,,,,,,,,,,,
,,,,,,,,,,,,,,,,,,,,,,,,,,,,,,,,,,,,,,,,,,,,,,,,,,,,,,,,,,,,,,,,,,,,,,,,,,,,,,,,,,,,,,,,,,,,,,,,,,,,
грант,,,,,,67,,,,,,,,52,,,,,,,,,,,,,,,,65,,,,,,,,,,,,,,,,,,76,,,,,65,,,,,,,,55,54,,,,,,,,,,,,,,,,,,,,,,,,,,,,,,,,,,,,,,
сельская квота,,,,,,,,,,,,,,,,,,,,,,,,,,,,,,,,,,,,,,,,,,,,,,,,,,,,,,,,,,,,,,,,,,,,,,,,,,,,,,,,,,,,,,,,,,,,,,,,,,,,
B062 - Электротехника и энергетика(Физика-Математика),,,,,,,,,,,,,,,,,,,,B062 - Электротехника и энергетика,,,,,,,,,,,,,,,,,,,,B062 - Электротехника и энергетика,,,,,,,,,,,,,,,,,,,,B062 - Электротехника и энергетика,,,,,,,,,,,,,,,,,,,,,,,,,,,,,,,,,,,,,,,,
,,,,,,,,,,,,,,,,,,,,,,,,,,,,,,,,,,,,,,,,,,,,,,,,,,,,,,,,,,,,,,,,,,,,,,,,,,,,,,,,,,,,,,,,,,,,,,,,,,,,
грант,,95,,,,68,,,68,67,,,,,77,,,,77,,70,,,70,,,,65,,76,,,53,78,,,78,,,,,,,,,,,,59,72,77,76,76,,,78,,,,,59,75,51,76,,50,,,,77,83,76,76,,,,,,,,,,,,,,,77,,,,,,,,,,,,
сельская квота,,,,,,65,,,,61,,,,,63,,,,63,,57,,,,,,,59,,71,,,50,62,,,,,,,,,,,,,,,56,56,62,62,65,,,,68,,,,56,62,,62,,,,,,62,,63,63,,,,,,,,,,,,66,,,62,,,,,,,,,,,,
B063 - Электротехника и автоматизация(Физика-Математика),,,,,,,,,,,,,,,,,,,,B063 - Электротехника и автоматизация,,,,,,,,,,,,,,,,,,,,B063 - Электротехника и автоматизация,,,,,,,,,,,,,,,,,,,,B063 - Электротехника и автоматизация,,,,,,,,,,,,,,,,,,,,,,,,,,,,,,,,,,,,,,,,
,,,,,,,,,,,,,,,,,,,,,,,,,,,,,,,,,,,,,,,,,,,,,,,,,,,,,,,,,,,,,,,,,,,,,,,,,,,,,,,,,,,,,,,,,,,,,,,,,,,,
грант,,100,,,,68,,,65,64,,,102,67,88,,,,90,,,,,77,,,,63,,85,,,50,99,,,85,,,,,,,,,85,,110,60,76,,85,85,,,,,,,,61,82,50,86,,51,107,,,93,,,,,,,,,,,,,,,,,,,,,,,,,,,,,,
сельская квота,,,,,,,,,,,,,,,,,,,,,,,,,,,,,,,,,,,,,,,,,,,,,,,,,,,,,,,,,,,,,,,,,,,,,,,,,,,,,,,,,,,,,,,,,,,,,,,,,,,,
B064 - Механика и металлообработка(Физика-Математика),,,,,,,,,,,,,,,,,,,,B064 - Механика и металлообработка,,,,,,,,,,,,,,,,,,,,B064 - Механика и металлообработка,,,,,,,,,,,,,,,,,,,,B064 - Механика и металлообработка,,,,,,,,,,,,,,,,,,,,,,,,,,,,,,,,,,,,,,,,
,,,,,,,,,,,,,,,,,,,,,,,,,,,,,,,,,,,,,,,,,,,,,,,,,,,,,,,,,,,,,,,,,,,,,,,,,,,,,,,,,,,,,,,,,,,,,,,,,,,,
грант,,,,,,65,,52,65,52,,,53,,52,,,,53,,52,,,,,,,52,,,,52,52,52,,,52,,,,,,,,,,,,50,52,52,52,65,,,,65,,,,53,52,,52,52,51,55,57,54,52,,52,52,,,,,,,,,,,,,,,53,,,,,,,,,,,,
сельская квота,,,,,,,,,,,,,,,,,,,,,,,,,,,,,,,,,,,,,,,,,,,,,,,,,,,,,,,,,,,,,,,,,,,,,,,,,,,,,,,,,,,,,,,,,,,,,,,,,,,,
B065 - Транспортная техника и технологии(Физика-Математика),,,,,,,,,,,,,,,,,,,,B065 - Транспортная техника и технологии,,,,,,,,,,,,,,,,,,,,B065 - Транспортная техника и технологии,,,,,,,,,,,,,,,,,,,,B065 - Транспортная техника и технологии,,,,,,,,,,,,,,,,,,,,,,,,,,,,,,,,,,,,,,,,
,,,,,,,,,,,,,,,,,,,,,,,,,,,,,,,,,,,,,,,,,,,,,,,,,,,,,,,,,,,,,,,,,,,,,,,,,,,,,,,,,,,,,,,,,,,,,,,,,,,,
грант,,95,,,,67,,,67,59,,,59,,59,,,,,,59,,,60,,,,56,,,,50,,,,,,,,,,,,,,,,,50,59,,59,65,,,,66,,,,60,59,50,59,,50,71,65,60,58,,59,64,68,,,,,,,,,,,,,,60,,,,,,,,,,,,
сельская квота,,,,,,,,,,53,,,52,,52,,,,,,52,,,60,,,,50,,,,,,,,,,,,,,,,,,,,,,52,,52,,,,,,,,,53,52,,52,,,52,,52,52,54,53,57,56,,,,,,,,,,,,,,52,,,,,,,,,,,,
B066 - Морской транспорт и технологии(Физика-Математика),,,,,,,,,,,,,,,,,,,,B066 - Морской транспорт и технологии,,,,,,,,,,,,,,,,,,,,B066 - Морской транспорт и технологии,,,,,,,,,,,,,,,,,,,,B066 - Морской транспорт и технологии,,,,,,,,,,,,,,,,,,,,,,,,,,,,,,,,,,,,,,,,
,,,,,,,,,,,,,,,,,,,,,,,,,,,,,,,,,,,,,,,,,,,,,,,,,,,,,,,,,,,,,,,,,,,,,,,,,,,,,,,,,,,,,,,,,,,,,,,,,,,,
грант,,,,,,,,,,,,,,,,,,,,,,,,79,,,,,,,,,,,,,,,,,,,,,,,,70,50,,,,,,,,,,,,,,,,,,,,,,,,,,,,,,,,,,,,,,,,,,,,,,,,,,,
сельская квота,,,,,,,,,,,,,,,,,,,,,,,,72,,,,,,,,,,,,,,,,,,,,,,,,,,,,,,,,,,,,,,,,,,,,,,,,,,,,,,,,,,,,,,,,,,,,,,,,,,,,
B067 - Воздушный транспорт и технологии(Физика-Математика),,,,,,,,,,,,,,,,,,,,B067 - Воздушный транспорт и технологии,,,,,,,,,,,,,,,,,,,,B067 - Воздушный транспорт и технологии,,,,,,,,,,,,,,,,,,,,B067 - Воздушный транспорт и технологии,,,,,,,,,,,,,,,,,,,,,,,,,,,,,,,,,,,,,,,,
,,,,,,,,,,,,,,,,,,,,,,,,,,,,,,,,,,,,,,,,,,,,,,,,,,,,,,,,,,,,,,,,,,,,,,,,,,,,,,,,,,,,,,,,,,,,,,,,,,,,
грант,,95,,,,,,,,,,,,,,,,,,,,,,,,,,,,76,,,,,,,,,,,,,,,,,,,,,,,76,,,,,,,,,,,74,,,,,,,,,,,74,,,,,,,,,,,,,,,,,,,,,,,,,
сельская квота,,,,,,,,,,,,,,,,,,,,,,,,,,,,,,,,,,,,,,,,,,,,,,,,,,,,,,,,,,,,,,,,,,,,,,,,,,,,,,,,,,,,,,,,,,,,,,,,,,,,
,,,,,,,,,,,,,,,,,,,,,,,,,,,,,,,,,,,,,,,,,,,,,,,,,,,,,,,,,,,,,,,,,,,,,,,,,,,,,,,,,,,,,,,,,,,,,,,,,,,,
Название,7,13,25,302,185,45,47,14,31,34,16,20,40,43,501,153,143,517,37,196,36,11,159,5,23,158,10,38,93,27,22,35,42,53,79,154,182,184,503,15,174,21,69,83,190,522,122,421,3,12,49,2,29,141,8,82,24,30,223,173,9,32,39,57,146,33,140,147,162,19,199,160,198,78,157,416,26,44,103,527,1,4,41,80,202,305,528,529,89,,,,,,,,,,,
B068 - Производство продуктов питания(Биология-Химия),,,,,,,,,,,,,,,,,,,,B068 - Производство продуктов питания,,,,,,,,,,,,,,,,,,,,B068 - Производство продуктов питания,,,,,,,,,,,,,,,,,,,,B068 - Производство продуктов питания,,,,,,,,,,,,,,,,,,,,,,,,,,,,,,,,,,,,,,,,
,,,,,,,,,,,,,,,,,,,,,,,,,,,,,,,,,,,,,,,,,,,,,,,,,,,,,,,,,,,,,,,,,,,,,,,,,,,,,,,,,,,,,,,,,,,,,,,,,,,,
грант,,,,,,70,,,,70,,,70,62,72,,,,,,63,64,,70,,,,64,,70,,67,67,69,,,70,,,,,,,,,,70,,,,70,69,,,,,69,,,,,,,,78,74,,,,,,,73,,,,,,,,,,,,,,,,,,,,,,,,,,,
сельская квота,,,,,,65,,,,65,,,68,56,65,,,,,,56,58,,65,,,,58,,,,62,60,65,,,66,,,,,,,,,,66,,,,65,64,,,,,65,,,,,,,,,67,,,,,,,65,,,,,,,,,,,,,,,,,,,,,,,,,,,
"B069 - Производство материалов (стекло, бумага, пластик, дерево)(Физика-Математика)",,,,,,,,,,,,,,,,,,,,"B069 - Производство материалов (стекло, бумага, пластик, дерево)",,,,,,,,,,,,,,,,,,,,"B069 - Производство материалов (стекло, бумага, пластик, дерево)",,,,,,,,,,,,,,,,,,,,"B069 - Производство материалов (стекло, бумага, пластик, дерево)",,,,,,,,,,,,,,,,,,,,,,,,,,,,,,,,,,,,,,,,
,,,,,,,,,,,,,,,,,,,,,,,,,,,,,,,,,,,,,,,,,,,,,,,,,,,,,,,,,,,,,,,,,,,,,,,,,,,,,,,,,,,,,,,,,,,,,,,,,,,,
грант,,,,,,66,,,,,,,,,,,,,,,,,,,,,,,,,50,,,,,,,,,,,,,,,,,,,,,,,,,,,,,,,,,,,50,,,,,,,,,,,,,,,,,,,,,,,,,,,,,,,,,,
сельская квота,,,,,,,,,,,,,,,,,,,,,,,,,,,,,,,,,,,,,,,,,,,,,,,,,,,,,,,,,,,,,,,,,,,,,,,,,,,,,,,,,,,,,,,,,,,,,,,,,,,,
"B070 - Текстиль: одежда, обувь и кожаные изделия(Физика-Математика)",,,,,,,,,,,,,,,,,,,,"B070 - Текстиль: одежда, обувь и кожаные изделия",,,,,,,,,,,,,,,,,,,,"B070 - Текстиль: одежда, обувь и кожаные изделия",,,,,,,,,,,,,,,,,,,,"B070 - Текстиль: одежда, обувь и кожаные изделия",,,,,,,,,,,,,,,,,,,,,,,,,,,,,,,,,,,,,,,,
,,,,,,,,,,,,,,,,,,,,,,,,,,,,,,,,,,,,,,,,,,,,,,,,,,,,,,,,,,,,,,,,,,,,,,,,,,,,,,,,,,,,,,,,,,,,,,,,,,,,
грант,,,,,,66,,,,,,,,50,,,,,,,,,,55,,,,,,,,,,50,,65,50,,,,,,,,,,,,,,,,,,,,,,,,,,63,,,,,,,,,,,,,,,,,,,,,,,,,,,,,,,,,,,,,
сельская квота,,,,,,,,,,,,,,50,,,,,,,,,,55,,,,,,,,,,,,,,,,,,,,,,,,,,,,,,,,,,,,,,,,,,,,,,,,,,,,,,,,,,,,,,,,,,,,,,,,,,,,
B071 - Горное дело и добыча полезных ископаемых(Физика-Математика),,,,,,,,,,,,,,,,,,,,B071 - Горное дело и добыча полезных ископаемых,,,,,,,,,,,,,,,,,,,,B071 - Горное дело и добыча полезных ископаемых,,,,,,,,,,,,,,,,,,,,B071 - Горное дело и добыча полезных ископаемых,,,,,,,,,,,,,,,,,,,,,,,,,,,,,,,,,,,,,,,,
,,,,,,,,,,,,,,,,,,,,,,,,,,,,,,,,,,,,,,,,,,,,,,,,,,,,,,,,,,,,,,,,,,,,,,,,,,,,,,,,,,,,,,,,,,,,,,,,,,,,
грант,,,,,,65,,58,82,58,,,,,58,,,,,,,,,60,,,,58,,,,59,,,58,,58,,,,,,,,,,,75,58,58,,,65,,,,,,,,58,58,50,,,50,,59,,,,,,,,58,,,,,,,,,,,,58,,,,,,,,,,,,
сельская квота,,,,,,,,,,,,,,,,,,,,,,,,,,,,,,,,,,,,,,,,,,,,,,,,,,,,,,,,,,,,,,,,,,,,,,,,,,,,,,,,,,,,,,,,,,,,,,,,,,,,
B072 - Технология фармацевтического производства(Биология-Химия),,,,,,,,,,,,,,,,,,,,B072 - Технология фармацевтического производства,,,,,,,,,,,,,,,,,,,,B072 - Технология фармацевтического производства,,,,,,,,,,,,,,,,,,,,B072 - Технология фармацевтического производства,,,,,,,,,,,,,,,,,,,,,,,,,,,,,,,,,,,,,,,,
,,,,,,,,,,,,,,,,,,,,,,,,,,,,,,,,,,,,,,,,,,,,,,,,,,,,,,,,,,,,,,,,,,,,,,,,,,,,,,,,,,,,,,,,,,,,,,,,,,,,
грант,,,,,,79,,,82,,,,,,,,,,,,,,,,,,,,,89,,,,89,,,,,,,,,,,,,,,,,,,89,,,,,89,,,,,,,,74,,,,,,,,,,,88,89,,,,,,,,,,,,,,,,,,,,,,
сельская квота,,,,,,,,,,,,,,,,,,,,,,,,,,,,,,,,,,,,,,,,,,,,,,,,,,,,,,,,,,,,,,,,,,,,,,,,,,,,,,,,,,,,,,,,,,,,,,,,,,,,
B073 - Архитектура(Творческий экзамен),,,,,,,,,,,,,,,,,,,,B073 - Архитектура,,,,,,,,,,,,,,,,,,,,B073 - Архитектура,,,,,,,,,,,,,,,,,,,,B073 - Архитектура,,,,,,,,,,,,,,,,,,,,,,,,,,,,,,,,,,,,,,,,
,,,,,,,,,,,,,,,,,,,,,,,,,,,,,,,,,,,,,,,,,,,,,,,,,,,,,,,,,,,,,,,,,,,,,,,,,,,,,,,,,,,,,,,,,,,,,,,,,,,,
грант,,125,,,,100,,,,,,,,,,,,,,,,,,,,,,100,,,100,,,,102,,,,,,,,,,,,,,,100,,100,100,,,,,,,,,100,,,,,,,,100,,,101,,,,,,,,,,,,101,,,101,,,,,,,,,,,,
сельская квота,,,,,,,,,,,,,,,,,,,,,,,,,,,,,,,,,,,,,,,,,,,,,,,,,,,,,,,,,,,,,,,,,,,,,,,,,,,,,,,,,,,,,,,,,,,,,,,,,,,,
"B074 - Градостроительство, строительные работы и гражданское строительство(Физика-Математика)",,,,,,,,,,,,,,,,,,,,"B074 - Градостроительство, строительные работы и гражданское строительство",,,,,,,,,,,,,,,,,,,,"B074 - Градостроительство, строительные работы и гражданское строительство",,,,,,,,,,,,,,,,,,,,"B074 - Градостроительство, строительные работы и гражданское строительство",,,,,,,,,,,,,,,,,,,,,,,,,,,,,,,,,,,,,,,,
,,,,,,,,,,,,,,,,,,,,,,,,,,,,,,,,,,,,,,,,,,,,,,,,,,,,,,,,,,,,,,,,,,,,,,,,,,,,,,,,,,,,,,,,,,,,,,,,,,,,
грант,,100,,,,73,,74,,66,,,72,,73,,,,,,,,,71,,,,71,,75,72,65,58,,76,,,,,,,,,,,,,,56,74,,72,72,,,,,,,,59,72,50,,,50,,,,73,,,,72,,,,,,,,,,,,,,75,,,,,,,,,,,,
сельская квота,,,,,,,,,,,,,,,,,,,,,,,,,,,,,,,,,,,,,,,,,,,,,,,,,,,,,,,,,,,,,,,,,,,,,,,,,,,,,,,,,,,,,,,,,,,,,,,,,,,,
B075 - Кадастр и землеустройство(Математика - География),,,,,,,,,,,,,,,,,,,,B075 - Кадастр и землеустройство,,,,,,,,,,,,,,,,,,,,B075 - Кадастр и землеустройство,,,,,,,,,,,,,,,,,,,,B075 - Кадастр и землеустройство,,,,,,,,,,,,,,,,,,,,,,,,,,,,,,,,,,,,,,,,
,,,,,,,,,,,,,,,,,,,,,,,,,,,,,,,,,,,,,,,,,,,,,,,,,,,,,,,,,,,,,,,,,,,,,,,,,,,,,,,,,,,,,,,,,,,,,,,,,,,,
грант,,,,,,101,,,,91,,,,,,,,,,,,,,,,,,,,100,100,,,,,,,,,,,,,,,,,,76,85,,100,100,,,,109,,,,,91,,,,,,,,100,,,,,,,,,,,,,,,,,,78,,,,,,,,,,,,
сельская квота,,,,,,93,,,,78,,,,,95,,,,,,,,,,,,,,,98,92,,,,,,,,,,,,,,,,,,66,77,,92,92,,,,92,,,,,83,,,,,,,,93,,,,,,,,,,,,,,,,,,65,,,,,,,,,,,,
"B076 - Стандартизация, сертификация и метрология (по отраслям)(Физика-Математика)",,,,,,,,,,,,,,,,,,,,"B076 - Стандартизация, сертификация и метрология (по отраслям)",,,,,,,,,,,,,,,,,,,,"B076 - Стандартизация, сертификация и метрология (по отраслям)",,,,,,,,,,,,,,,,,,,,"B076 - Стандартизация, сертификация и метрология (по отраслям)",,,,,,,,,,,,,,,,,,,,,,,,,,,,,,,,,,,,,,,,
,,,,,,,,,,,,,,,,,,,,,,,,,,,,,,,,,,,,,,,,,,,,,,,,,,,,,,,,,,,,,,,,,,,,,,,,,,,,,,,,,,,,,,,,,,,,,,,,,,,,
грант,,95,,,,69,,,,,,,74,61,71,,,,,,50,,,,,,54,69,,70,,,51,69,,,69,,,60,,,,,,,80,,55,51,73,69,69,,,,71,,71,,,70,,,,89,,,,,,,,,,,,,,,,,,,,,,,,,,,,,,,,,,
сельская квота,,,,,,,,,,,,,,,,,,,,,,,,,,,,,,,,,,,,,,,,,,,,,,,,,,,,,,,,,,,,,,,,,,,,,,,,,,,,,,,,,,,,,,,,,,,,,,,,,,,,
,,,,,,,,,,,,,,,,,,,,,,,,,,,,,,,,,,,,,,,,,,,,,,,,,,,,,,,,,,,,,,,,,,,,,,,,,,,,,,,,,,,,,,,,,,,,,,,,,,,,
Название,7,13,25,302,185,45,47,14,31,34,16,20,40,43,501,153,143,517,37,196,36,11,159,5,23,158,10,38,93,27,22,35,42,53,79,154,182,184,503,15,174,21,69,83,190,522,122,421,3,12,49,2,29,141,8,82,24,30,223,173,9,32,39,57,146,33,140,147,162,19,199,160,198,78,157,416,26,44,103,527,1,4,41,80,202,305,528,529,89,,,,,,,,,,,
B165 - Магистральные сети и инфраструктура(Физика-Математика),,,,,,,,,,,,,,,,,,,,B165 - Магистральные сети и инфраструктура,,,,,,,,,,,,,,,,,,,,B165 - Магистральные сети и инфраструктура,,,,,,,,,,,,,,,,,,,,B165 - Магистральные сети и инфраструктура,,,,,,,,,,,,,,,,,,,,,,,,,,,,,,,,,,,,,,,,
,,,,,,,,,,,,,,,,,,,,,,,,,,,,,,,,,,,,,,,,,,,,,,,,,,,,,,,,,,,,,,,,,,,,,,,,,,,,,,,,,,,,,,,,,,,,,,,,,,,,
грант,,,,,,,,,,,,,,,,,,,,,,,,,,,,,,,,,,,,,,,,,,,,,,,,,,,,,65,,,,,,,,,,,,,,,,,55,,,,,,,,,,,,,,,,,,,,,,,,,,,,,,
сельская квота,,,,,,,,,,,,,,,,,,,,,,,,,,,,,,,,,,,,,,,,,,,,,,,,,,,,,,,,,,,,,,,,,,,,,,,,,,,,,,,,,,,,,,,,,,,,,,,,,,,,
B166 - Транспортные сооружения(Физика-Математика),,,,,,,,,,,,,,,,,,,,B166 - Транспортные сооружения,,,,,,,,,,,,,,,,,,,,B166 - Транспортные сооружения,,,,,,,,,,,,,,,,,,,,B166 - Транспортные сооружения,,,,,,,,,,,,,,,,,,,,,,,,,,,,,,,,,,,,,,,,
,,,,,,,,,,,,,,,,,,,,,,,,,,,,,,,,,,,,,,,,,,,,,,,,,,,,,,,,,,,,,,,,,,,,,,,,,,,,,,,,,,,,,,,,,,,,,,,,,,,,
грант,,,,,,,,,,,,,,,,,,,,,,,,,,,,,,,,,,,,,,,,,,,,,,,,,,,,,65,,,,,,,,,,,,,,,,,50,,,,,,,,,,,,,,,,,,,,,,,,,,,,,,
сельская квота,,,,,,,,,,,,,,,,,,,,,,,,,,,,,,,,,,,,,,,,,,,,,,,,,,,,,,,,,,,,,,,,,,,,,,,,,,,,,,,,,,,,,,,,,,,,,,,,,,,,
B167 - Летная эксплуатация летательных аппаратов и двигателей(Физика-Математика),,,,,,,,,,,,,,,,,,,,B167 - Летная эксплуатация летательных аппаратов и двигателей,,,,,,,,,,,,,,,,,,,,B167 - Летная эксплуатация летательных аппаратов и двигателей,,,,,,,,,,,,,,,,,,,,B167 - Летная эксплуатация летательных аппаратов и двигателей,,,,,,,,,,,,,,,,,,,,,,,,,,,,,,,,,,,,,,,,
,,,,,,,,,,,,,,,,,,,,,,,,,,,,,,,,,,,,,,,,,,,,,,,,,,,,,,,,,,,,,,,,,,,,,,,,,,,,,,,,,,,,,,,,,,,,,,,,,,,,
грант,,,,,,,,,,,,,,,,,,,,,,,,,,,,,,,,,,,,,,,,,,,,,,,,,,,,,,,,,,,,,,,,,,,,,,,,,,,88,,,,,,,,,,,,,,,,,,,,,,,,,
сельская квота,,,,,,,,,,,,,,,,,,,,,,,,,,,,,,,,,,,,,,,,,,,,,,,,,,,,,,,,,,,,,,,,,,,,,,,,,,,,,,,,,,,,,,,,,,,,,,,,,,,,
B175 - Водоснабжение и водоотведение(Физика-Математика),,,,,,,,,,,,,,,,,,,,B175 - Водоснабжение и водоотведение,,,,,,,,,,,,,,,,,,,,B175 - Водоснабжение и водоотведение,,,,,,,,,,,,,,,,,,,,B175 - Водоснабжение и водоотведение,,,,,,,,,,,,,,,,,,,,B175 - Водоснабжение и водоотведение,,,,,,,,,,,,,,,,,,,,B175 - Водоснабжение и водоотведение
,,,,,,,,,,,,,,,,,,,,,,,,,,,,,,,,,,,,,,,,,,,,,,,,,,,,,,,,,,,,,,,,,,,,,,,,,,,,,,,,,,,,,,,,,,,,,,,,,,,,
грант,,,,,,,,,,,,,,,,,,,,,,,,,,,,,,,,,,,,,,,,,,,,,,,,,,,,,,,,,,,,,,,,,,,,,,,,,,,,,,,,,,,,,,,,50,,,,,,,,,,,,
сельская квота,,,,,,,,,,,,,,,,,,,,,,,,,,,,,,,,,,,,,,,,,,,,,,,,,,,,,,,,,,,,,,,,,,,,,,,,,,,,,,,,,,,,,,,,,,,,,,,,,,,,
B176 - Гидротехническое строительство и управление водными ресурсами(Физика-Математика),,,,,,,,,,,,,,,,,,,,B176 - Гидротехническое строительство и управление водными ресурсами,,,,,,,,,,,,,,,,,,,,B176 - Гидротехническое строительство и управление водными ресурсами,,,,,,,,,,,,,,,,,,,,B176 - Гидротехническое строительство и управление водными ресурсами,,,,,,,,,,,,,,,,,,,,,,,,,,,,,,,,,,,,,,,,
,,,,,,,,,,,,,,,,,,,,,,,,,,,,,,,,,,,,,,,,,,,,,,,,,,,,,,,,,,,,,,,,,,,,,,,,,,,,,,,,,,,,,,,,,,,,,,,,,,,,
грант,,,,,,,,,,,,,,,,,,,,,,,,,,,,,,,,,,,,,,,,,,,,,,,,,,,,,,,,,,,,,,,,,,,,,,,,,,,,,,,,,,,,,,,,50,,,,,,,,,,,,
сельская квота,,,,,,,,,,,,,,,,,,,,,,,,,,,,,,,,,,,,,,,,,,,,,,,,,,,,,,,,,,,,,,,,,,,,,,,,,,,,,,,,,,,,,,,,,,,,,,,,,,,,
B077 - Растениеводство(Биология-Химия),,,,,,,,,,,,,,,,,,,,B077 - Растениеводство,,,,,,,,,,,,,,,,,,,,B077 - Растениеводство,,,,,,,,,,,,,,,,,,,,B077 - Растениеводство,,,,,,,,,,,,,,,,,,,,,,,,,,,,,,,,,,,,,,,,
,,,,,,,,,,,,,,,,,,,,,,,,,,,,,,,,,,,,,,,,,,,,,,,,,,,,,,,,,,,,,,,,,,,,,,,,,,,,,,,,,,,,,,,,,,,,,,,,,,,,
грант,,,,,,64,,,,64,,,65,,61,,,,,,65,,,,,,,64,,,,64,65,,,,,,,65,,,,,,,,,,,64,64,,,,,64,,66,,,,,,,,,,,,,,,,,,,,,,,,,,,,,67,,,,,,,,,,,,
сельская квота,,,,,,62,,,,61,,,62,,56,,,,,,62,,,,,,,,,,,61,63,,,,,,,54,,,,,,,,,,,62,61,,,,,61,,,,,,,,,,,,,,,,,,,,,,,,,,,,,,,63,,,,,,,,,,,,
B078 - Животноводство(Биология-Химия),,,,,,,,,,,,,,,,,,,,B078 - Животноводство,,,,,,,,,,,,,,,,,,,,B078 - Животноводство,,,,,,,,,,,,,,,,,,,,B078 - Животноводство,,,,,,,,,,,,,,,,,,,,,,,,,,,,,,,,,,,,,,,,
,,,,,,,,,,,,,,,,,,,,,,,,,,,,,,,,,,,,,,,,,,,,,,,,,,,,,,,,,,,,,,,,,,,,,,,,,,,,,,,,,,,,,,,,,,,,,,,,,,,,
грант,,,,,,56,,,,,,,56,,56,,,,,,54,,,,,,,56,,,,56,56,56,,,,,,,,,,,,,,,,,,56,,,,,56,,,,,,,,,,,,,,,,,,,,,,,,,,,,,,,,,,,,,,,,,,,
сельская квота,,,,,,51,,,,,,,52,,51,,,,,,51,,,,,,,52,,,,51,52,51,,,,,,,,,,,,,,,,,,51,,,,,51,,,,,,,,,,,,,,,,,,,,,,,,,,,,,,,,,,,,,,,,,,,
B079 - Лесное хозяйство( Биология - География),,,,,,,,,,,,,,,,,,,,B079 - Лесное хозяйство,,,,,,,,,,,,,,,,,,,,B079 - Лесное хозяйство,,,,,,,,,,,,,,,,,,,,B079 - Лесное хозяйство,,,,,,,,,,,,,,,,,,,,,,,,,,,,,,,,,,,,,,,,
,,,,,,,,,,,,,,,,,,,,,,,,,,,,,,,,,,,,,,,,,,,,,,,,,,,,,,,,,,,,,,,,,,,,,,,,,,,,,,,,,,,,,,,,,,,,,,,,,,,,
грант,,,,,,,,,,,,,71,,69,,,,,,,68,,,,,,71,,,,68,71,,,,,,,,,,,,,,,,,71,,75,,,,,70,,,,,,,,,,,,,,,,,,,,,,,,,,,,,,,,,,,,,,,,,,,
сельская квота,,,,,,,,,,,,,68,,66,,,,,,,66,,,,,,67,,,,67,67,,,,,,,,,,,,,,,,,68,,68,,,,,67,,,,,,,,,,,,,,,,,,,,,,,,,,,,,,,,,,,,,,,,,,,
B080 - Рыбное хозяйство(Биология-Химия),,,,,,,,,,,,,,,,,,,,B080 - Рыбное хозяйство,,,,,,,,,,,,,,,,,,,,B080 - Рыбное хозяйство,,,,,,,,,,,,,,,,,,,,B080 - Рыбное хозяйство,,,,,,,,,,,,,,,,,,,,,,,,,,,,,,,,,,,,,,,,
,,,,,,,,,,,,,,,,,,,,,,,,,,,,,,,,,,,,,,,,,,,,,,,,,,,,,,,,,,,,,,,,,,,,,,,,,,,,,,,,,,,,,,,,,,,,,,,,,,,,
грант,,,,,,,,,,,,,,,50,,,,,,,,,,,,56,,,60,,,,,,,,,,,,,,,,,,,,,,56,,,,,56,,,,,,,,,,,,,,,,,,,,,,,,,,,,,,,,,,,,,,,,,,,
сельская квота,,,,,,,,,,,,,,,,,,,,,,,,,,,50,,,,,,,,,,,,,,,,,,,,,,,,,51,,,,,50,,,,,,,,,,,,,,,,,,,,,,,,,,,,,,,,,,,,,,,,,,,
B082 - Водные ресурсы и водопользование(Физика-Математика),,,,,,,,,,,,,,,,,,,,B082 - Водные ресурсы и водопользование,,,,,,,,,,,,,,,,,,,,B082 - Водные ресурсы и водопользование,,,,,,,,,,,,,,,,,,,,B082 - Водные ресурсы и водопользование,,,,,,,,,,,,,,,,,,,,,,,,,,,,,,,,,,,,,,,,
,,,,,,,,,,,,,,,,,,,,,,,,,,,,,,,,,,,,,,,,,,,,,,,,,,,,,,,,,,,,,,,,,,,,,,,,,,,,,,,,,,,,,,,,,,,,,,,,,,,,
грант,,,,,,56,,,,56,,,,,,,,,,,,,,,,,,,,,,,,,,,,,,,,,,,,,,,,58,,,56,,,,56,,,,,,,,,,,,,,,,,,,,,,,,,,,,,,,50,,,,,,,,,,,,
сельская квота,,,,,,50,,,,50,,,,,,,,,,,,,,,,,,,,,,,,,,,,,,,,,,,,,,,,50,,,50,,,,50,,,,,,,,,,,,,,,,,,,,,,,,,,,,,,,,,,,,,,,,,,,
Название,7,13,25,302,185,45,47,14,31,34,16,20,40,43,501,153,143,517,37,196,36,11,159,5,23,158,10,38,93,27,22,35,42,53,79,154,182,184,503,15,174,21,69,83,190,522,122,421,3,12,49,2,29,141,8,82,24,30,223,173,9,32,39,57,146,33,140,147,162,19,199,160,198,78,157,416,26,44,103,527,1,4,41,80,202,305,528,529,89,,,,,,,,,,,
B183 - Агроинженерия(Физика-Математика),,,,,,,,,,,,,,,,,,,,B183 - Агроинженерия,,,,,,,,,,,,,,,,,,,,B183 - Агроинженерия,,,,,,,,,,,,,,,,,,,,B183 - Агроинженерия,,,,,,,,,,,,,,,,,,,,,,,,,,,,,,,,,,,,,,,,
,,,,,,,,,,,,,,,,,,,,,,,,,,,,,,,,,,,,,,,,,,,,,,,,,,,,,,,,,,,,,,,,,,,,,,,,,,,,,,,,,,,,,,,,,,,,,,,,,,,,
грант,,,,,,57,,,,57,,,,,59,,,,,,57,,,,,,,,,,,58,,,,,,,,,,,,,,,,,,,,57,,,,,59,,,,,,,,,,63,,,,,,,,,,,,,,,,,,,,,,,,,,,,,,,,,
сельская квота,,,,,,52,,,,52,,,,,52,,,,,,,,,,,,,,,,,53,,,,,,,,,,,,,,,,,,,,52,,,,,52,,,,,,,,,,54,,,,,,,,,,,,,,,,,,,,,,,,,,,,,,,,,
B083 - Ветеринария(Биология-Химия),,,,,,,,,,,,,,,,,,,,B083 - Ветеринария,,,,,,,,,,,,,,,,,,,,B083 - Ветеринария,,,,,,,,,,,,,,,,,,,,B083 - Ветеринария,,,,,,,,,,,,,,,,,,,,,,,,,,,,,,,,,,,,,,,,
,,,,,,,,,,,,,,,,,,,,,,,,,,,,,,,,,,,,,,,,,,,,,,,,,,,,,,,,,,,,,,,,,,,,,,,,,,,,,,,,,,,,,,,,,,,,,,,,,,,,
грант,,,,,,62,,,,,,,,,57,,,,,,62,,,,,,,63,,,,,62,,,,,,,,,,,,,,,,,,,62,,,,,62,,63,,,,,,63,,,,,,,,64,,,62,,,,,,,,,,,,,,,,,,,,,,,,
сельская квота,,,,,,56,,,,,,,,,50,,,,,,57,,,,,,,57,,,,,57,,,,,,,,,,,,,,,,,,,56,,,,,56,,57,,,,,,57,,,,,,,,57,,,56,,,,,,,,,,,,,,,,,,,,,,,,
B090 - Социальная работа(Биология - География),,,,,,,,,,,,,,,,,,,,B090 - Социальная работа,,,,,,,,,,,,,,,,,,,,B090 - Социальная работа,,,,,,,,,,,,,,,,,,,,B090 - Социальная работа,,,,,,,,,,,,,,,,,,,,,,,,,,,,,,,,,,,,,,,,
,,,,,,,,,,,,,,,,,,,,,,,,,,,,,,,,,,,,,,,,,,,,,,,,,,,,,,,,,,,,,,,,,,,,,,,,,,,,,,,,,,,,,,,,,,,,,,,,,,,,
грант,,96,80,,,74,,,74,74,,,,,,,,,,,,,,,,74,,75,,80,,,,,,,,,,,,74,,,,,75,,,,,,,,,,,,,74,,,,,,,,,,,,,,,,,,,,,,,,,,,74,,,,,,,,,,,,,
сельская квота,,,,,,70,,,71,71,,,,,,,,,,,,,,,,71,,71,,,,,,,,,,,,,,72,,,,,72,,,,,,,,,,,,,70,,,,,,,,,,,,,,,,,,,,,,,,,,,,,,,,,,,,,,,,
B091 - Туризм(География-Английский язык),,,,,,,,,,,,,,,,,,,,B091 - Туризм,,,,,,,,,,,,,,,,,,,,B091 - Туризм,,,,,,,,,,,,,,,,,,,,B091 - Туризм,,,,,,,,,,,,,,,,,,,,,,,,,,,,,,,,,,,,,,,,
,,,,,,,,,,,,,,,,,,,,,,,,,,,,,,,,,,,,,,,,,,,,,,,,,,,,,,,,,,,,,,,,,,,,,,,,,,,,,,,,,,,,,,,,,,,,,,,,,,,,
грант,,115,,,,116,,,116,,,,,,,,,,115,,,121,,115,,,,120,,115,115,,,120,,,118,118,,,130,115,,116,,,,,,,,,,,,,,,,,,,,,,,,,,,,,,,,,,,,,,,,,,,,,,,,,,,,,,,,
сельская квота,90,,92,,,95,,,93,,,99,,,,,,,94,,92,104,,91,101,,,,97,91,92,91,,93,,,97,91,,,,100,90,94,,,92,,96,,92,,,,,,,,,103,,,,,,,,,,,,,,,,,,,,,,,,,,,,,,,,,,,,,,,,
B092 - Досуг(Творческий экзамен),,,,,,,,,,,,,,,,,,,,B092 - Досуг,,,,,,,,,,,,,,,,,,,,B092 - Досуг,,,,,,,,,,,,,,,,,,,,B092 - Досуг,,,,,,,,,,,,,,,,,,,,,,,,,,,,,,,,,,,,,,,,
,,,,,,,,,,,,,,,,,,,,,,,,,,,,,,,,,,,,,,,,,,,,,,,,,,,,,,,,,,,,,,,,,,,,,,,,,,,,,,,,,,,,,,,,,,,,,,,,,,,,
грант,121,,121,,,121,,,121,,121,,122,121,,,,,,,121,,,122,,123,,,,,,,,,,,,,,,,,,,,,,,,,,,,,,,,,,,,,,,,,,,,,,,,,,,,,,,,,,,,,,,,,,,,,,,,,,
сельская квота,119,,119,,,119,,,120,,119,,,119,,,,,,,120,,,119,,,,,,,,,,,,,,,,,,,,,,,,,,,,,,,,,,,,,,,,,,,,,,,,,,,,,,,,,,,,,,,,,,,,,,,,,,,,
B093 - Ресторанное дело и гостиничный бизнес(География-Английский язык),,,,,,,,,,,,,,,,,,,,B093 - Ресторанное дело и гостиничный бизнес,,,,,,,,,,,,,,,,,,,,B093 - Ресторанное дело и гостиничный бизнес,,,,,,,,,,,,,,,,,,,,B093 - Ресторанное дело и гостиничный бизнес,,,,,,,,,,,,,,,,,,,,,,,,,,,,,,,,,,,,,,,,
,,,,,,,,,,,,,,,,,,,,,,,,,,,,,,,,,,,,,,,,,,,,,,,,,,,,,,,,,,,,,,,,,,,,,,,,,,,,,,,,,,,,,,,,,,,,,,,,,,,,
грант,,110,,,,112,,,,,,,,112,,,,,,,,,,,111,,,,113,110,,,,114,,,114,,,,,111,111,110,,,114,,,,,,,,,,,,,,,,,,,,,,,,,113,,,,,,,,,,,,,,,,,,,,,,,,,,,,
сельская квота,,,,,,88,,,85,,,85,,,,107,,,,,87,,,,85,,,,86,88,,,,85,,,85,87,,,,100,88,86,,,86,,89,,,,,,,,,,,,,,,,,,,,,,,97,,,,,,,,,,,,,,,,,,,,,,,,,,,,
B094 - Санитарно-профилактические мероприятия(Физика-Математика),,,,,,,,,,,,,,,,,,,,B094 - Санитарно-профилактические мероприятия,,,,,,,,,,,,,,,,,,,,B094 - Санитарно-профилактические мероприятия,,,,,,,,,,,,,,,,,,,,B094 - Санитарно-профилактические мероприятия,,,,,,,,,,,,,,,,,,,,,,,,,,,,,,,,,,,,,,,,
,,,,,,,,,,,,,,,,,,,,,,,,,,,,,,,,,,,,,,,,,,,,,,,,,,,,,,,,,,,,,,,,,,,,,,,,,,,,,,,,,,,,,,,,,,,,,,,,,,,,
грант,,,,,,70,,,77,69,,,,,68,,,,,,,70,,,,72,,68,,68,,75,71,,69,,69,,,69,,,,,,,,,69,68,74,,68,,,,75,,,,,73,,68,,,,,,,,,,,,,,,,,,,,,,,,69,,,,,,,,,,,,
сельская квота,,,,,,67,,,,60,,,,,62,,,,,,,61,,,,61,,60,,65,,68,60,,65,,62,,,63,,,,,,,,,61,63,60,,66,,,,67,,,,,,,60,,,,,,60,,,67,,,,,,,,,,,,,,,,,,,,,,,,,,,
B095 - Транспортные услуги(Математика - География),,,,,,,,,,,,,,,,,,,,B095 - Транспортные услуги,,,,,,,,,,,,,,,,,,,,B095 - Транспортные услуги,,,,,,,,,,,,,,,,,,,,B095 - Транспортные услуги,,,,,,,,,,,,,,,,,,,,,,,,,,,,,,,,,,,,,,,,
,,,,,,,,,,,,,,,,,,,,,,,,,,,,,,,,,,,,,,,,,,,,,,,,,,,,,,,,,,,,,,,,,,,,,,,,,,,,,,,,,,,,,,,,,,,,,,,,,,,,
грант,,112,,,,114,,,,,,,,,,,,,,,,,,,,,,121,114,112,,,,,,,,,,,,,112,113,,,,,,116,,118,112,,,113,,,,,,124,,,,,,,,112,,,,,120,,,,,,,,,,,,,,,,,,,,,,,,,
сельская квота,,104,,,,,,,105,,,,,,105,,,,,,,,,,,,,,,104,,,,,,,,,,,,,106,105,,,,,,,,107,105,,,104,106,,,,,,,,,,,,,104,,106,,,105,,,,,,,,,,,,,,,,,,,,,,,,,
BM089 - Медико-профилактическое дело(Биология-Химия),,,,,,,,,,,,,,,,,,,,BM089 - Медико-профилактическое дело,,,,,,,,,,,,,,,,,,,,BM089 - Медико-профилактическое дело,,,,,,,,,,,,,,,,,,,,BM089 - Медико-профилактическое дело,,,,,,,,,,,,,,,,,,,,BM089 - Медико-профилактическое дело,,,,,,,,,,,,,,,,,,,,
,,,,,,,,,,,,,,,,,,,,,,,,,,,,,,,,,,,,,,,,,,,,,,,,,,,,,,,,,,,,,,,,,,,,,,,,,,,,,,,,,,,,,,,,,,,,,,,,,,,,
грант,,,,,,,,,,,,,,,,,,,,,,,,,,,,,,,,,,,,,,,,,,,,,,,,,,,,,,,,,,100,,,,,,,,,,,,,,,,,,,102,101,,,113,100,101,,,,,,,,,,,,,,,,,
сельская квота,,,,,,,,,,,,,,,,,,,,,,,,,,,,,,,,,,,,,,,,,,,,,,,,,,,,,,,,,,94,,,,,,,,,,,,,,,,,,,98,96,,,102,95,97,,,,,,,,,,,,,,,,,
BM088 - Педиатрия(Биология-Химия),,,,,,,,,,,,,,,,,,,,BM088 - Педиатрия,,,,,,,,,,,,,,,,,,,,BM088 - Педиатрия,,,,,,,,,,,,,,,,,,,,BM088 - Педиатрия,,,,,,,,,,,,,,,,,,,,BM088 - Педиатрия,,,,,,,,,,,,,,,,,,,,
,,,,,,,,,,,,,,,,,,,,,,,,,,,,,,,,,,,,,,,,,,,,,,,,,,,,,,,,,,,,,,,,,,,,,,,,,,,,,,,,,,,,,,,,,,,,,,,,,,,,
грант,,,,,,,,,,,,,,,,,,,,,,,,,,,,,,,,,,,,,,,,,,,,,,,,,,,,,,,,,,105,,,,,,,,,,,,,,,,,,,113,105,,,122,106,105,,,,,,,,,,,,,,,,,
сельская квота,,,,,,,,,,,,,,,,,,,,,,,,,,,,,,,,,,,,,,,,,,,,,,,,,,,,,,,,,,99,,,,,,,,,,,,,,,,,,,107,99,,,115,99,100,,,,,,,,,,,,,,,,,
,,,,,,,,,,,,,,,,,,,,,,,,,,,,,,,,,,,,,,,,,,,,,,,,,,,,,,,,,,,,,,,,,,,,,,,,,,,,,,,,,,,,,,,,,,,,,,,,,,,,
Название,7,13,25,302,185,45,47,14,31,34,16,20,40,43,501,153,143,517,37,196,36,11,159,5,23,158,10,38,93,27,22,35,42,53,79,154,182,184,503,15,174,21,69,83,190,522,122,421,3,12,49,2,29,141,8,82,24,30,223,173,9,32,39,57,146,33,140,147,162,19,199,160,198,78,157,416,26,44,103,527,1,4,41,80,202,305,528,529,89,,,,,,,,,,,
BM087 - Стоматология(Биология-Химия),,,,,,,,,,,,,,,,,,,,BM087 - Стоматология,,,,,,,,,,,,,,,,,,,,BM087 - Стоматология,,,,,,,,,,,,,,,,,,,,BM087 - Стоматология,,,,,,,,,,,,,,,,,,,,BM087 - Стоматология,,,,,,,,,,,,,,,,,,,,
,,,,,,,,,,,,,,,,,,,,,,,,,,,,,,,,,,,,,,,,,,,,,,,,,,,,,,,,,,,,,,,,,,,,,,,,,,,,,,,,,,,,,,,,,,,,,,,,,,,,
грант,,,,,,,,,,,,,,,,,,,,,,,,,,,,,,,,,,,,,,,,,,,,,,,,,,,,,,,,,,,,,,,,,,,,,,,,,,,,,,,,,,,,,,,,,,,,,,,,,,,,
сельская квота,,,,,,,,,,,,,,,,,,,,,,,,,,,,,,,,,,,,,,,,,,,,,,,,,,,,,,,,,,,,,,,,,,,,,,,,,,,,,,,,,,,,,,,,,,,,,,,,,,,,
BM086 - Медицина(Биология-Химия),,,,,,,,,,,,,,,,,,,,BM086 - Медицина,,,,,,,,,,,,,,,,,,,,BM086 - Медицина,,,,,,,,,,,,,,,,,,,,BM086 - Медицина,,,,,,,,,,,,,,,,,,,,BM086 - Медицина,,,,,,,,,,,,,,,,,,,,
,,,,,,,,,,,,,,,,,,,,,,,,,,,,,,,,,,,,,,,,,,,,,,,,,,,,,,,,,,,,,,,,,,,,,,,,,,,,,,,,,,,,,,,,,,,,,,,,,,,,
грант,,,,,,,,,,,,,,,,,,,125,,,,,,,,,,,119,,,,,,,,,,,,,,,,,,,,,,,,,,,,112,,,,,,,,,,,,,,,,,,,124,113,,,128,112,112,112,,,,,,,,,,,,,,,,
сельская квота,,,,,,,,,,,,,,,,,,,122,,,,,,,,,,,116,,,,,,,,,,,,,,,,,,,,,,,,,,,,103,,,,,,,,,,,,,,,,,,,116,104,,,117,103,103,103,,,,,,,,,,,,,,,,
B089 - Общественное здоровье(Биология-Химия),,,,,,,,,,,,,,,,,,,,B089 - Общественное здоровье,,,,,,,,,,,,,,,,,,,,B089 - Общественное здоровье,,,,,,,,,,,,,,,,,,,,B089 - Общественное здоровье,,,,,,,,,,,,,,,,,,,,B089 - Общественное здоровье,,,,,,,,,,,,,,,,,,,,
,,,,,,,,,,,,,,,,,,,,,,,,,,,,,,,,,,,,,,,,,,,,,,,,,,,,,,,,,,,,,,,,,,,,,,,,,,,,,,,,,,,,,,,,,,,,,,,,,,,,
грант,,,,,,,,,,,,,,,,,,,,,,,,,,,,,,,,,,,,,,,,,,,,,,,,,,,,,,,,,,,,,,,,,,,,,,,,,,,,,,,,,,,,,,,,,,,,,,,,,,,,
сельская квота,,,,,,,,,,,,,,,,,,,,,,,,,,,,,,,,,,,,,,,,,,,,,,,,,,,,,,,,,,,,,,,,,,,,,,,,,,,,,,,,,,,,,,,,,,,,,,,,,,,,
B085 - Фармация(Биология-Химия),,,,,,,,,,,,,,,,,,,,B085 - Фармация,,,,,,,,,,,,,,,,,,,,B085 - Фармация,,,,,,,,,,,,,,,,,,,,B085 - Фармация,,,,,,,,,,,,,,,,,,,,B085 - Фармация,,,,,,,,,,,,,,,,,,,,
,,,,,,,,,,,,,,,,,,,,,,,,,,,,,,,,,,,,,,,,,,,,,,,,,,,,,,,,,,,,,,,,,,,,,,,,,,,,,,,,,,,,,,,,,,,,,,,,,,,,
грант,,,,,,,,,,,,,,,,,,,,,,,,,,,,,,124,,,,,,,,,,,,,,,,,,,,,,,,,,,,105,,,,,,,,,,,,,,,,,,,112,110,,,126,,107,105,,,,,,,,,,,,,,,,
сельская квота,,,,,,,,,,,,,,,,,,,,,,,,,,,,,,107,,,,,,,,,,,,,,,,,,,,,,,,,,,,99,,,,,,,,,,,,,,,,,,,104,100,,,111,101,,99,,,,,,,,,,,,,,,,
B084 - Сестринское дело(Биология-Химия),,,,,,,,,,,,,,,,,,,,B084 - Сестринское дело,,,,,,,,,,,,,,,,,,,,B084 - Сестринское дело,,,,,,,,,,,,,,,,,,,,B084 - Сестринское дело,,,,,,,,,,,,,,,,,,,,B084 - Сестринское дело,,,,,,,,,,,,,,,,,,,,
,,,,,,,,,,,,,,,,,,,,,,,,,,,,,,,,,,,,,,,,,,,,,,,,,,,,,,,,,,,,,,,,,,,,,,,,,,,,,,,,,,,,,,,,,,,,,,,,,,,,
грант,,,,,,,,,,,,,,,,,,,,,,,,,,,,,,,,,,,,,,,,,,,,,,,,,,,,,,,,,,,,,,,,,,,,,,,,,,,,,100,,,,103,100,100,,,,,,,,,,,,,,,,,
сельская квота,,,,,,,,,,,,,,,,,,,,,,,,,,,,,,,,,,,,,,,,,,,,,,,,,,,,,,,,,,,,,,,,,,,,,,,,,,,,,99,,,,92,99,,96,,,,,,,,,,,,,,,,
"B126 – Транспортное строительство(Физика-Математика)                                                                                                                                             
                                                                                                                                                        ",,,,,,,,,,,,,,,,,,,,"B126 – Транспортное строительство(Физика-Математика)                                                                                                                                             
                                                                                                                                                        ",,,,,,,,,,,,,,,,,,,,"B126 – Транспортное строительство(Физика-Математика)                                                                                                                                             
                                                                                                                                                        ",,,,,,,,,,,,,,,,,,,,"B126 – Транспортное строительство(Физика-Математика)                                                                                                                                             
                                                                                                                                                        ",,,,,,,,,,,,,,,,,,,,"B126 – Транспортное строительство(Физика-Математика)                                                                                                                                             
                                                                                                                                                        ",,,,,,,,,,,,,,,,,,,,"B126 – Транспортное строительство(Физика-Математика)                                                                                                                                             
                                                                                                                                                        "
,,,,,,,,,,,,,,,,,,,,,,,,,,,,,,,,,,,,,,,,,,,,,,,,,,,,,,,,,,,,,,,,,,,,,,,,,,,,,,,,,,,,,,,,,,,,,,,,,,,,
грант,,,,,,,,,,,,,,,,,,,,,,,,,,,,50,,,55,,,,,,,,,,,,,,,,,,,50,,,,,,,,,,,,50,,,,,,,51,50,,,,51,,,,,,,,,,,,,,,,,,,,,,,,,,
сельская квота,,,,,,,,,,,,,,,,,,,,,,,,,,,,,,,,,,,,,,,,,,,,,,,,,,50,,,,,,,,,,,,,,,,,,,,,,,,,,,,,,,,,,,,,,,,,,,,,,,,,,
"B157 – Математическое и компьютерное моделирование(Математика-Информатика)                                                                                                                                         
                                                                                                                                                        ",,,,,,,,,,,,,,,,,,,,"B157 – Математическое и компьютерное моделирование(Математика-Информатика)                                                                                                                                         
                                                                                                                                                        ",,,,,,,,,,,,,,,,,,,,"B157 – Математическое и компьютерное моделирование(Математика-Информатика)                                                                                                                                         
                                                                                                                                                        ",,,,,,,,,,,,,,,,,,,,"B157 – Математическое и компьютерное моделирование(Математика-Информатика)                                                                                                                                         
                                                                                                                                                        ",,,,,,,,,,,,,,,,,,,,"B157 – Математическое и компьютерное моделирование(Математика-Информатика)                                                                                                                                         
                                                                                                                                                        ",,,,,,,,,,,,,,,,,,,,"B157 – Математическое и компьютерное моделирование(Математика-Информатика)                                                                                                                                         
                                                                                                                                                        "
,,,,,,,,,,,,,,,,,,,,,,,,,,,,,,,,,,,,,,,,,,,,,,,,,,,,,,,,,,,,,,,,,,,,,,,,,,,,,,,,,,,,,,,,,,,,,,,,,,,,
грант,,,,,,,,,,,,,,,,,,,,,,,,,,,,,,,,,,,,,,,,,,,,,90,,,,,,,,,,,,,,,,,,,,,,,,,,,,,,,,,,,,,,,,,,,,,,,,,,,,,,,
сельская квота,,,,,,,,,,,,,,,,,,,,,,,,,,,,,,,,,,,,,,,,,,,,,,,,,,,,,,,,,,,,,,,,,,,,,,,,,,,,,,,,,,,,,,,,,,,,,,,,,,,,
B158 - Криптология(Математика-Информатика) ,,,,,,,,,,,,,,,,,,,,B158 - Криптология(Математика-Информатика) ,,,,,,,,,,,,,,,,,,,,B158 - Криптология(Математика-Информатика) ,,,,,,,,,,,,,,,,,,,,B158 - Криптология(Математика-Информатика) ,,,,,,,,,,,,,,,,,,,,B158 - Криптология(Математика-Информатика) ,,,,,,,,,,,,,,,,,,,,B158 - Криптология(Математика-Информатика) 
,,,,,,,,,,,,,,,,,,,,,,,,,,,,,,,,,,,,,,,,,,,,,,,,,,,,,,,,,,,,,,,,,,,,,,,,,,,,,,,,,,,,,,,,,,,,,,,,,,,,
грант,,103,,,,,,,,,,,,,,,,,,,,,,,,,,,,123,,,,,,,,,,,,,,,,,,,,,,,,,,,,,,,,,,,,,,,,,,,,,,,,,,,,,,,,,,,,,,,,,,,,,,
сельская квота,,,,,,,,,,,,,,,,,,,,,,,,,,,,,,,,,,,,,,,,,,,,,,,,,,,,,,,,,,,,,,,,,,,,,,,,,,,,,,,,,,,,,,,,,,,,,,,,,,,,
B162-Теплоэнергетика(Физика-Математика),,,,,,,,,,,,,,,,,,,,B162-Теплоэнергетика(Физика-Математика),,,,,,,,,,,,,,,,,,,,B162-Теплоэнергетика(Физика-Математика),,,,,,,,,,,,,,,,,,,,B162-Теплоэнергетика(Физика-Математика),,,,,,,,,,,,,,,,,,,,B162-Теплоэнергетика(Физика-Математика),,,,,,,,,,,,,,,,,,,,B162-Теплоэнергетика(Физика-Математика)
,,,,,,,,,,,,,,,,,,,,,,,,,,,,,,,,,,,,,,,,,,,,,,,,,,,,,,,,,,,,,,,,,,,,,,,,,,,,,,,,,,,,,,,,,,,,,,,,,,,,
грант,,,,,,,,,,,,,,,,,,,,,,,,,,,,50,,,,,,,,,,,,,,,,,,,,,,,,,,,,,,,,,,,,50,,,,54,,,,,,,,,,,,,,,,,,,,,,,,,,,,,,,,
сельская квота,,,,,,,,,,,,,,,,,,,,,,,,,,,,50,,,,,,,,,,,,,,,,,,,,,,,,,,,,,,,,,,,,,,,,,,,,,,,,,,,,,,,,,,,,,,,,,,,,,,,,
B171 - Металлургия(Физика-Математика),,,,,,,,,,,,,,,,,,,,B171 - Металлургия(Физика-Математика),,,,,,,,,,,,,,,,,,,,B171 - Металлургия(Физика-Математика),,,,,,,,,,,,,,,,,,,,B171 - Металлургия(Физика-Математика),,,,,,,,,,,,,,,,,,,,B171 - Металлургия(Физика-Математика),,,,,,,,,,,,,,,,,,,,B171 - Металлургия(Физика-Математика)
,,,,,,,,,,,,,,,,,,,,,,,,,,,,,,,,,,,,,,,,,,,,,,,,,,,,,,,,,,,,,,,,,,,,,,,,,,,,,,,,,,,,,,,,,,,,,,,,,,,,
грант,,,,,,,,,,,,,,,,,,,,,,,,60,,,,50,,,,,,,,,,,,,,,,,,,,,,50,,,,,,,,,,,,,,,,50,,50,,,,,,,,,,,,,,,,,,,,,,,,,,,,,,,,
сельская квота,,,,,,,,,,,,,,,,,,,,,,,,,,,,,,,,,,,,,,,,,,,,,,,,,,,,,,,,,,,,,,,,,,,,,,,,,,,,,,,,,,,,,,,,,,,,,,,,,,,,
B173 - Гидромелиорация(Физика-Математика),,,,,,,,,,,,,,,,,,,,B173 - Гидромелиорация(Физика-Математика),,,,,,,,,,,,,,,,,,,,B173 - Гидромелиорация(Физика-Математика),,,,,,,,,,,,,,,,,,,,B173 - Гидромелиорация(Физика-Математика),,,,,,,,,,,,,,,,,,,,B173 - Гидромелиорация(Физика-Математика),,,,,,,,,,,,,,,,,,,,B173 - Гидромелиорация(Физика-Математика)
,,,,,,,,,,,,,,,,,,,,,,,,,,,,,,,,,,,,,,,,,,,,,,,,,,,,,,,,,,,,,,,,,,,,,,,,,,,,,,,,,,,,,,,,,,,,,,,,,,,,
грант,,,,,,,,,,,,,,,50,,,,,,,,,,,,,,,,,,,,,,,,,,,,,,,,,,,,,,,,,,,,,,,,,,,,,,,,,,,,,,,,,,,,,,,,,55,,,,,,,,,,,,
сельская квота,,,,,,,,,,,,,,,,,,,,,,,,,,,,,,,,,,,,,,,,,,,,,,,,,,,,,,,,,,,,,,,,,,,,,,,,,,,,,,,,,,,,,,,,,,,,,,,,,,,,
B234 – Музейное дело и охрана памятников(Всемирная история - География),,,,,,,,,,,,,,,,,,,,B234 – Музейное дело и охрана памятников(Всемирная история - География),,,,,,,,,,,,,,,,,,,,B234 – Музейное дело и охрана памятников(Всемирная история - География),,,,,,,,,,,,,,,,,,,,B234 – Музейное дело и охрана памятников(Всемирная история - География),,,,,,,,,,,,,,,,,,,,B234 – Музейное дело и охрана памятников(Всемирная история - География),,,,,,,,,,,,,,,,,,,,B234 – Музейное дело и охрана памятников(Всемирная история - География)
,,,,,,,,,,,,,,,,,,,,,,,,,,,,,,,,,,,,,,,,,,,,,,,,,,,,,,,,,,,,,,,,,,,,,,,,,,,,,,,,,,,,,,,,,,,,,,,,,,,,
грант,,,,,,,,,,,,,,,,,,,,,,,,,,,,,,113,,,,,,,,,,,,,,,,,,,,,,,,,,,,,,,,,,,,,,,,,,,,,,,,,,,,,,,,,,,,,,,,,,,,,,
сельская квота,,,,,,,,,,,,,,,,,,,,,,,,,,,,,,107,,,,,,,,,,,,,,,,,,,,,,,,,,,,,,,,,,,,,,,,,,,,,,,,,,,,,,,,,,,,,,,,,,,,,,